track_name,lyrics
Beamer,"(M-M-Murderer)
Mm-mm, mmmh
(Wooh)
Ohh-oh, ohh-oh, ohh-ohh-ohh
Journey of a thousand mile begin with a step, oh low
Rich men turn poor, poor men turn rich
Onyi bi tyre ni
Deep in my mind and my heart and my soul
Still tryna pull a Maybach
Me no like elenu mefa
Say Wavy, say me na Top Memba, yeah-yeah, oh
Oh my lover? (Oh my love')
Your father said ""I'm just a dreamer""
Tori mora Solara (Solara), Solara oh-oh
My punana, your body is Al Jannah
Tinba ra Beamer (mm), I go carry turkey nla (ayy)
Eni wish me bad (I don't care), koleje ara ibi mo (ayy)
Alara mimo (ye), ki maga l'ari mo (ye)
Loader ma gor (ayy), fi cana yen si ina
Tinba ra Beamer (ayy), I go carry turkey nla (ayy)
Eni wish me bad (I don't care), koleje ara ibi mo (ayy)
Alara mimo (ye), ki maga l'ari mo (ye)
Loader ma gor (ayy), fi cana yen si ina
Steady denge, dey pose
Office two-four, seven, man no dey close
B'olegun baba eni ma jo
And if he say he no dance again, ohun ni ""no goal-goal""
(Who no come, no go know oh)
Say who no get money, ko kin l'eko
Nkan toh da'le, sh'oma le ko?
Uh-nuh-nuh, sh'oma le ko ohh?
Tori mora Solara (Solara), Solara oh-oh
My punana, your body is Al Jannah
Tinba ra Beamer (ayy), I go carry turkey nla (ayy)
Eni wish me bad (I don't care), koleje ara ibi mo (ayy)
Alara mimo (ye), ki maga l'ari mo (ye)
Loader ma gor (ayy), fi cana yen si ina
Tinba ra Beamer (ayy), I go carry turkey nla (ayy)
Eni wish me bad (I don't care), koleje ara ibi mo (ayy)
Alara mimo (ye), ki maga l'ari mo (ye)
Loader ma gor (ayy), fi cana yen si ina"
Chandelier,"Ah, SoLid

Abi you don forget?, hmm
Abi you don forget?

You pursue me go, you call me vanilla
Too late to cry watch am like cinemas
As corny man die, na corny man bury am
You left a star hanging chandelier
You pursue me go, you call me vanilla
Too late cry watch am like cinema
As corny man die, na corny man bury am
You left a star hanging chandelier
Pursue me go, you call me vanilla
Too late cry when I dey Cullinan
As corny man die, na corny man bury am
You left the star hanging chandelier

Road to paradise steep and rocky
You no fit connect connect the dots like cufflinks
Just because say you no see am well
No mean say make you look am less
When I text you, you reply emoji
You vacate my space, you no give notice
When I jam rock, I no see Moses
Hmm, I cry water plenty
Truly, every failure na blessing
(Na you for they balance am for me but you run away you dey look for a finished product)
You see, I for my reply but my love for
Truly, every failure na blessing
(Na you for they balance am for me but you run away you dey look for a finished product)
You see, I for my reply but my love for
THC made me lazy

You pursue me go, you call me vanilla
Too late cry watch am like cinemas
Corny man die, na corny man bury am
You left the star hanging chandelier
Pursue me go, you call me vanilla
Too late cry when I dey Cullinan
As corny man die, na corny man bury am
You left a star hanging chandelier

Nobody can see the future, na why you suppose no dey look down
(SoLid)"
Doha,"Yo Dibs

Ọrọ mi lọ n sọ, emi lọ'n wa
Dem say dem dey there, emi gan wa
I get to stopover for Doha
Fly 'round the world with my traumas

Ko ṣe ni to Ọlọrun, ko ṣe ni ju Ọlọrun
Ko ṣe ni to Ọlọrun, ko ṣe ni ju Ọlọrun
This my talent, aje, na follow come
Dem dey ask who I follow come
E mi gan-gan, mi o fọ fun wan
I told them oh, mo sọ fun wan

Me know say I dey show you love
Why you no go show me love
Tell me why some people no dey fear God
Forgive us, oh dear Lord, dear Lord
Atẹgun fẹ lọ, right now mi o fẹ jọ
Ati mọ, mo ti jẹ lọ
Do good and show love

Oh-eh-oh-oh-oh-oh-eh-eh-oh (Do good and spread love)
Oh-еh-oh-oh-oh-eh-eh-oh (Do good and spread lovе)
Oh-eh-oh-oh-oh-oh-eh-eh-oh (Do good and spread love)
Oh-eh-oh-oh-oh-eh-eh-oh (Do good and spread love)

Cape Verdean girls dem ma gbewa (Gbewa)
London girls dem ma gbewa (Gbewa)
American girls dem ma gbewa (Gbewa)
Caribbean girls dem ma gbewa (Gbewa)

Ko ṣe ni to Ọlọrun, ko ṣe ni ju Ọlọrun  (Baby)
Ko ṣe ni to Ọlọrun, ko ṣe ni ju Ọlọrun  (My baby)
This my talent, aje, na follow come
Dem dey ask who I follow come
E mi gan-gan, mi o fọ fun wan
I told them oh, mo sọ fun wan

Me know say I dey show you love
Why you no go show me love
Tell me why some people no dey fear God
Forgive us, oh dear Lord, dear Lord
Atẹgun fẹ lọ, right now mi o fẹ jọ
Ati mọ mo ti jẹ lọ
Do good and show love

Oh-eh-oh-oh-oh-oh-eh-eh-oh (Do good and spread love)
Oh-eh-oh-oh-oh-eh-eh-oh (Do good and spread love)
Oh-eh-oh-oh-oh-oh-eh-eh-oh (Do good and spread love)
Oh-eh-oh-oh-oh-eh-eh-oh (Do good and spread love)

Yo Dibs"
Hey Jago,"Hey Jago! Hey Jago!
Hey Jago! (Ki-) Hey Jago!

You dey press money before (
That's right
)
That one na old taker (
Okay
)
Me sef go press for sure (
You be what?
)
I be the new taker (
Shoday, kí lo dé?
)
Wọ́n ti gbezome (
Jẹ́ ó mọ̀
)
Old taker ti gbezome (
Wahala
)
Má lọ́ gbezome
Ọmọ aunty mi no gbezome (
Fún wọ́n
)

Hey Jago (Brohz the 'flextion)
What's popping, Jago? (Biggest)
High fashion Jago
Figo ó máà kì n ṣe wazo o (They know)
Hey Jago (Jago)
Èmi ni èèyàn Jago (
One-on-one
)
Shoday èèyàn Paso (
Eish
)
Lambo ó máà kì n ṣe wazo o

Hey Jago (Number one)
Gbogbò aṣọ ló ní bàtà (Thеy know)
CEO, high fashion tiwa (Dollar)
Ọmọ Tiamiyu gan-gan (Jẹ́ wọn mọ̀)
Wọ́n dá mọ̀ l'Ókè-Kòtò (International)
Atóóbájẹ́ wọ Morikaz (Jago)
Ojú-Ìrìn, Pen Cinema (Dеy go)
Aja one, aja two (You say what?)
Gbé wọ́n sáré wọ Switzerland (Sherish)
Wọ́n dá mọ̀ l'America (Pe-lorish)
High fashion wọ Canada (Sharp)
Ó y'ẹ́ruku, Jago is loud (Yebo)

Tí n bá rí 50 dollar, máa gánu síbẹ̀
No money is ever enough (
At all
)
Ta, ta ,ta bí Dangote (
Shoday
)
K'ówó mi kún sókè
I left home to feed home
Mo jáde tán, wọ́n se jollof (Badder)
Go hard or go home (Ekpo)
Ọmọ ìyá mi, má sa lo'le  (Yo X)

Hey Jago (Hey Ja—)
What's popping, Jago? (I don't know)
High fashion Jago (Sheesh)
Figo ó máà kì í ṣe wazo o (Number one)
Hey Jago (Zero, k'ówó pọ̀)
Èmi ni èèyàn Jago (Wọ́n dá mọ̀)
Shoday èèyàn Paso
Lambo ó máà kì í ṣe wazo o (Hey Jago)

Hey Jago (Sheesh)
Gbogbò aṣọ ló ní bàtà (As-in Elder)
CEO, high fashion tiwa (Jẹ́ ó mọ̀)
Ọmọ Tiamiyu gan-gan (You don dey)
Wọ́n dá mọ̀ l'Ókè-Kòtò (You don dey, you don dey, na go jo)
Atóóbájẹ́ wọ Morikaz (You don dey  joor, hello)
High fashion wọ Canada (Hey Jago)
Ó y'ẹ́ruku, Jago is loud (Hey Jago)

Hey Jago! (Sheesh)
Jago, Jago, Jago
Ọmọ líle lápá Agege, wọ́n dá mọ̀ (Yo X)
Yebo
(Ki-)
(Hey Jago, hi—, hi—)"
LEGOLAS,"Bare times, bare times (Bare times)
Bare times, bare times (Yee)

Bare times wey I pay bride price
All the women wey I follow, them been do me one kind
I no blame them, I been dey poor
Sapa don't care, e dey wound us
But now (Amen, oh)
I dey fire like I'm Legolas, Legolas, Legolas (See them, oh)
The king of my hood, I'm the principal, principal, principal (I dey give them hope)
Ayy, my pain is all over now, over now
I make my mummy proud (I dey give am hope)
Because I dey fire like I'm Legolas (Oh), Legolas, Legolas (Dem put head)
Ayy, Legolas, Legolas (Them pretend)

Full time daddy in my house (Amen, yes)
Big time hubby to my mum (Love)
I don turn her spouse (Crown)
Since my papa die, na me dey pattern up
I had to loosen up
Kala please, will you save? (Maybe)
Get your money stuffed
Put away some dollars
Let's protect your son
I know your guys are much
Use your head they thought
I sure say na the same thing dem been yarn Jesus
If I listen, will I have my own Galácticos? (Abass)
Fatboy, Shagba, Reeplay, AG, Gusty, see team
ABJ show me shege
But when in Cameroon, my babies call me Big Olembe
I came up very quick in Ghana, I'm the new Sarkodie
Chalé, I'm clear
According to your girl

Bare times wey I pay bride price
All the women wey I follow them been do me one kind (Bare times)
I no blame them, I been dey poor (Kala)
Sapa don't care, e dey wound us
But now, I dey fire like I'm Legolas, Legolas, Legolas
The king of my hood, I am the principal, principal, principal (I dey kill am)
Ayy, my pain is all over now, over now
I make my mummy proud (Chai, mummy proud)
Because I dey fire like I'm Legolas, Legolas, Legolas
Ayy, Legolas, Legolas

Isabella finish me because money no dey I no fit meet up
Isabella cost, before my Indomie no get Titus
Show promoters labelled me a fraud, 'don't let him perform'
I just figured, they just figured, I'm the first born
I just figured, they just figured, I'm the first born
I just figured, I'm the first born

Ignorance na wetin dem been dey pop
(Pakalin, Roche and Fanta) When they see my shit dey go, na wetin dem dey talk (Greek god)
ABJ stand up
Odumodu, kala (Catholic, Redeem, Eckankar)
I came into the field like I'm Georgios Samaras"
MARIO KART,"Semzi
Semz Bond
Oh, my God

Everything l'ọwọ́ Ọlọhun lo wa
Everything l'ọwọ́ Ọlọhun lo wa
Everything l'ọwọ́ Ọlọhun lo wa
Running, running like Mario Kart
Running, running like Mario Kart
Running, running like Mario Kart
Ọmọge Nintendo
I fit dance like Micheal Jackson
Ọmọge Nintendo
One hundred and fifty five karats
Seven and five on the cuban
Six figures, ọmọ ológo (Ọmọ ológo)

Tell your jeweler to add it up
Anywhere I dey, I dey fuck shit up
Shut down Lagos to London
I get dealer for America
Santa Monica, North Carolina
Ọmọge po, you dey see am
Orin labi, you dey feel am
Olúwa loseyi, jo ma pami na
My music sweet pass vanilla
Afrobeat lori pangolo
Anyhow e be k'еmi ṣa l'owo (K'emi ṣa l'owo)
Ọmọ jo A$AP Rocky
Black boy thing mole jo Carti
My style likе Lil baby
Highest in the room ẹ̀yán Travis Scott
I love my girl and she love me back too (Mm)

Everything l'ọwọ́ Ọlọhun lo wa
Everything l'ọwọ́ Ọlọhun lo wa
Everything l'ọwọ́ Ọlọhun lo wa (Everything, baby everything)
Running, running like Mario Kart
Running, running like Mario Kart
Running, running like Mario Kart (Like Mario Kart)
Ọmọge Nintendo
I fit dance like Micheal Jackson
Ọmọge Nintendo (Like a Micheal Jackson)
One hundred and fifty five karats
Seven and five on the cuban
Six figures, ọmọ ológo

Everything l'ọwọ́ Ọlọhun lo wa
Everything l'ọwọ́ Ọlọhun lo wa
Everything l'ọwọ́ Ọlọhun lo wa (Everything, baby everything)
Running, running like Mario Kart
Running, running like Mario Kart
Running, running like Mario Kart
Ọmọge Nintendo
I fit dance like Micheal Jackson
Ọmọge Nintendo
One hundred and fifty five karat
Seven and five on the Cuban
Six figures omo ologo"
Management,"Phiz

Where you dey bomb? Afghanistan
Mark Zuckerberg, no do pass this one
Elon Musk come out, you dey pack am
Na logins to FB me I want
Where you dey bomb? Afghanistan
Mark Zuckerberg, no do pass this one
Elon Musk come out, you dey pack am
Na logins to FB me I want

Eh, Elon Musk wey be Elon Musk
Elon Musk, wey be Elon Musk
Packer wey come dey pack am
Taker wey come dey take am
Packer wey come dey pack am
Taker wey come dey take am
E don pay, management, GLK, I wan scra
E don pay, managеment, GLK, I wan scra

One, two, three, four, five, six, sеven, eight (Ehn)
Two, three, four, five, six, seven, eight (Ehn)
Three, four, five, six, seven, eight (Ehn, Wahala)
Four, five, six, seven, eight

Obatosu to Khalid funds CC (Five, six, seven, eight. Six, seven, eight)
Plenty enjoyment dey pain poor man (Anyway)
Once upon a time I was in love (Wahala)
Me I don taste love (Taste am)
Omoge me I don taste cana
Canakuta, but I highly recommend my cana
Say, before any girl go see my preeq (Amu boy)
She go get TF and come my Opay (Ehn-ehn)
Make I give am opueh (Opueh)
To cut the long story short (Geh-geh)
Aleye, see, make you paste your wallet (Hmm)
If all back don tire you (Tire you)
Fine girl, make you weave am go front
Management, GLK (GLK), I wan scra (I wan scra)
Management, GLK, I wan scra

Packer, packer, Odinaka
Roll up your steeze, another banger
I get am for steeze, I no like banter
No touch my earpiece another matter
'Cause when it burst, shey you hold money for love
Me I no like too much talk
You bomb Elon Musk
You dey buy Louis Vuitton
You don dey flenjo the funds
Packer, packer, Odinaka
Roll up your steeze, another banger
I get am for steeze, I no like banter
No touch my earpiece another matter
'Cause when it burst, shey you hold money for love
Me I no like too much talk
You bomb Elon Musk
You dey buy Louis Vuitton
You don dey flenjo the funds

Gree-eh
Geh-geh
Gree, gree, gree
Geh-geh
They call me Smur Lee
Graah
Yea, yea-yea, yea-yea"
Most Wanted,"My light turn like (my light turn like)
(Whoa-oh, ooh-whoa, woah)
(Whatever you want)
(Niphkeys, Niphkeys)
Can’t touch me, I feel anointed (can’t touch me, I feel anointed)
Living a five star life, man be like wanted (five star life, man be like wanted)
No problem, we get it sorted (no problem, we get sorted)
Girlies go down one time, if I say “I want head”
Nigga ain’t trying, say they know I rugged
Hunter fit to be the hunted
Touch down like the most wanted
Touch down like the most wanted
Ask about Zino’ anywhere, dem dey feel me, hundred
Anytime wey we drop, wọn jẹ
Touch down like the most wanted
Touch down like the most wanted
Hmm, dey my body oh, I no fit lie you
Better no try me, ọmọ, I fit kpai you
I dey lodging, ọmọ, I fit fly you
I’m legit, ọmọ, I feel fly
Say me, I go do anyhow ’cause Baba go dey my side
2:30, ọmọ, we dey outside (ọmọ)
They want make my boat just capsized
But, Baba God dey my side
They don’t wanna see me in this bitch
They know I’m really rich
They wanna see me in the ‘Rrari
They don’t even know if I guide, uhn
Ah-they made a post on Instagram
Tryna hinder glory mi (hinder glory mi)
Even though, dem no know story mi (dem no know story mi)
Adigun, leave them, what mama sọh fun mi (what mana sọh fun mi)
They wish they could kill me, I see many jealousy (many jealousy)
Tell my nigga “bámi gbè Hennessy”
Rọrá broda, máku nitori mi
Hmm, èmi RudeBoy
Most wanted bi crude oil
Say dem know I dey do much
It’s like 411, I’m too clutch
Nigga ain’t trying, say they know I rugged
Hunter fit to be the hunted
Touch down like the most wanted
Touch down like the most wanted
Ask about Zino’ anywhere, dem dey feel me, hundred
Anytime wey we drop, wọn jẹ
Touch down like the most wanted
Touch down like the most wanted
Hmm, dey my body oh, I no fit lie you
Better no try me, ọmọ, I fit kpai you
I dey lodging, ọmọ, I fit fly you
I’m legit, ọmọ, I feel fly
Say me, I go do anyhow ’cause Baba go dey my side
2:30, ọmọ, we dey outside (ọmọ)
They want make my boat just capsized
But, Baba God dey my side
They don’t wanna see me in this bitch
They know I’m really rich
They wanna see me in the ‘Rrari
They don’t even know if I guide, uhn
(Play the keys, baby)"
My Darling,"Sweet melody

Ooh, ooh
Ooh (Emerem mu gini oh), ooh
Ooh, ooh
Ooh (Emerem mu gini oh), ooh

Telli me what I owe you
Telli me what you wanting me to give you
Mm, my darling
What is it that they told you?
Telli me how they be fooling you like oluku (Telli me how they be fooling you like oleku)
Mm, my darling

My darling, emerem mu gini yo
My darling, emerem mu gini yo
My darling, emerem, emerem mu gini yo
My darling, emerem mu gini yo

Ooh, ooh
Ooh (Emerem mu gini oh), ooh
Ooh, ooh
Ooh (Emerеm mu gini oh), ooh

Isabella
Ogburo Isabella jowo
I dey tеll ya
The kayamata wey you do me dey there dey work
Kayamata tilahkya
Kiri piti-piti juju wey you do me tilahkya on top
Me nor know why you be feeling awkward
Mah kpo kpo shigari yakare jare

My darling, emerem mu gini oh
My darling, emerem mu gini oh
My darling, emerem mu gini oh
My darling, emerem mu gini oh

Ooh, ooh
Ooh (Emerem mu gini oh), ooh
Ooh, ooh
Ooh (Emerem mu gini oh)

My darling mo, my darling mo
My darling mo, my darling"
SHAOLIN,"En-en-en
Enta

Money na the formula, big girls dem know
L'eni a'ma shayo
Coco, marshmellow
Banker don dey call me
Billion zero zero
Orí mi Swagu
Gbó gbó e ni ma daru
Gbó gbó yin, ni ma dà mú
Loseyi drop gbedu, gbedu like Shaolin
Antonio violin
Béèrè mi lowo Farouq, ọ fún mi ni'gbo Wizzy
O lo far, I dey reason
Ayé yin o ma bàjé, ẹni ba robi romi
Baby koleremi, baby koleremi
Simple like A.B.C, simple like A.B.C
Shawty, this your waist line
No dey make me waste time
I must shine when I must shine
I dey outside, baby girl where your Uber?
Ogba, Oga
Ikorodu ṣa l'oga wa
T'ina ba ku, a'ma tán gen
To ba wu wa alе fa'ja
Fa'ja, Fatai
Ta lo l'ọmọ to ni kaka?
Dudu yemi, Wande Coal
I love that booty, I lovе that booty
Booty, booty, booty, it's a booty call

Everywhere good
Everywhere peh cheh cheh cheh cheh cheh
Cheh cheh cheh cheh cheh cheh cheh cheh cheh cheh
Everywhere good
Everywhere peh cheh cheh cheh cheh cheh
Cheh cheh cheh cheh cheh cheh cheh cheh cheh cheh

Press am dey go, ko ma lo bẹ
Ìsàlè Eko, ka lo petty
Enter Europe, next to Spain
Enter Madrid, sexy energy
Ẹlẹda maami, ma je n ṣ'esin
Lako ni mo wa bi ìbọn
To ba jogo, o ko soji
Lako ni mo wa bi ìbọn
T'ọba dúró ko ṣora e, to ba duro ko ṣora e
Sisi, dúró ko ṣora e
Uh, uh, mm, mm
T'ọba dúró ko ṣora e

En-en
Everywhere good
Everywhere peh cheh cheh cheh cheh cheh
Cheh cheh cheh cheh cheh cheh cheh cheh cheh cheh
Everywhere good
Everywhere peh cheh cheh cheh cheh cheh
Cheh cheh cheh cheh cheh cheh cheh cheh cheh cheh
Everywhere good
Everywhere peh cheh cheh cheh cheh cheh
Cheh cheh cheh cheh cheh cheh cheh cheh cheh cheh
Everywhere good
Everywhere peh cheh cheh cheh cheh cheh
Cheh cheh cheh cheh cheh cheh cheh cheh cheh cheh"
TOY GIRL (with Juno & Valentino Rose),
Trenches Luv,"Have been sitting inna the corner my room all drunk baby girl
I forgave you many times even when you fucked up baby girl
Red flag biti Japan but I lock baby girl
Traumas with my ex?
Traumas oo
Left plenty scenarios in my head
Anytime I loose touch, you on top me
You handcuff me
You ungodly me
Your pattern still dey mud me
And I like the way that you ride it
Am a badboy am a snatcher but am afraid karma fii later catch-up yeah
I don’t wanna loose you baby ooo
If I ever leave here, if I ever double up
Next one I go double up, my hеart e no strong fii love
Igba nba jo, konilu magbelulo
For your casе maaranju gan oyege iyeiye
You know me I be trenches boy
I no really sabi love, even if I sabi love
I no really sabi trust
Moodswing I dey happy and sad oo, baby shoma gbo gbo temi ooo
If you no ready so ma sare semi ooo
And when you down shoma raye temi ooo
There’s fire on the mountain
There’s fire on the mountain
My steeze I dey maintain composure, composure
Over anything make dem no go see me finish
Make dem no go see me finish, no go ever let a girl know your secret
Omoba omoba yato somo oloye
Dey your lane make I dey lane
Yayo, ogbeni salo
Oliver, only jaho, twist oliver ooo
Money bag oo, make e fat oo
Big bag
Love I no phantom
Koyemi sir ooo
Anytime I loose touch, you on top me
You handcuff me
You ungodly me
Your pattern still dey mud me
And I like the way that you ride it
Am a badboy am a snatcher but am afraid karma fii later catch-up yeh
I don’t wanna loose you baby ooo
If I ever leave here, if I ever double up
Next one I go double up, my heart e no strong fii love
Igba nba jo, konilu magbelulo
For your case maaranju gan oyege iyeiye
You know me I be trenches boy
I no really sabi love, even if I sabi love
I no really sabi trust
Moodswing I dey happy and sad oo, baby shoma gbo gbo temi ooo
If you no ready so ma sare semi ooo
And when you down shoma raye temi ooo"
"Abantwana Bakho (feat. Thatohatsi, Young Stunna & Nkosazana Daughter)","20th Metro FM Music Awards: 2 Years Of Greatness
The 2026 Metro FM Music Awards marked the 20th anniversary edition of one of South Africa's most defining music award institutions — a full-circle moment celebrating two decades of shaping and amplifying the sound of the new-age culture.
Broadcast live on SABC 1, the ceremony stood as more than just an awards night — it was a timestamp. A reflection of how far the game has come and where its currently positioned in the global conversation.
Carrying the themе ""Two Decades Of Greatnеss"", the night leaned into legacy while still keeping its eyes on the future — honoring the pioneers who paved the way, while spotlighting the new generation pushing boundaries across genres like amapiano, hip-hop and beyond.
On hosting duties, the ceremony brought together a blend of experience with the likes of Lerato Kgayago and Lawrence Maleka, maintaining that balance Metro FM has become known for — polished.
Heading into the awards, the nominations reflected a scene still heavily influenced by the dominance of amapiano, with key players like Kabza De Small, Tyler ICU and Tyla continuing to lead the charge, while other genres held their ground across major categories.
By the end of the night, many fans had different thoughts on some of the nights winners, more notably the controversial ""Zee Nxumalo"" snub, where she lost all 7 awards. Stogie T also had the internet talking after bagging the Best Hip-Hip award for the hit single Four Horsemen which features A-Reece, Nasty C and Maggz.
The 20th edition of the Metro FM Music Awards wasn't just about who won — it was about the evolution of the sound, the growth of the industry, and the fact that South African music is no longer just local.Nominees (
Winners in bold
): Song of the Year:Umafikizolo – ""Uyoncengwa Unyoko""
Jazzworx, MaWhoo, Thukuthela & GL_Ceejay – ""Uzizwa Kanjani""
Shandesh & Mvzzle – ""Sdudla or Slender""
Sam Deep, Nia Pearl, Boohle & Mano – ""Shela""
DJ Smallz, 031 Choppa & Uncool MC – ""Zep""
DJ Maphorisa, Xduppy, Kabza De Small, Thatohatsi, Young Stunna & Nkosazana Daughter – ""Abantwana Bakho"""
All My Life,"Oh nana nana eh
Yeyeye
Aw’ ngithi mina ngikhethe wena (Shumbehum)
Yeyeye

Yabon’ abant’ aba’understand'i yeah yeah
Ukuthi mina nawe siyophelel’ ekufeni (Ekufeni)
Take my heart, take my soul
I’ll die for you (Die for you)
Yabon’ abant’ aba’understand'i yeah yeah
Ukuthi mina nawe we were meant for each other yeah
We dali bamb’ isandla sam
Hamba nam siyoqal’ impilo phesheya

Ngicel’ unga worry sthandwa sami (Oh sthandwa sami)
Inhliziyo yam’ ikhethe wena (Khethe wena)
Aw’ ngithi all my life
All my hours
Engifis’ ukumbona nguwe (Engifis’ ukumbona nguwe)
Engifis’ ukumbona nguwe (Oh hah welele)
Engifis’ ukumbona nguwe (Nguwe, nguwe)
All my life
All my hours
Engifis’ ukumbona nguwe (Engifis’ ukumbona nguwe)

Ay' nisho baph’ abantu?
Obani bona?
Lento ingami nawe mangiy’bona (Mmh-mmh)
Khulukela sokhuphuka sehle
Angek’ ukhule wedwa and okukhulu kuseza
Yah uNkulunkulu mkhulu vele
Okweth’ ukukhuleka, kuze kukhuleke
Size sikhokhobe, ngibe umkhulu yeah?
Uzoba ugogo, okay, cool relax
Inhliziy’ izozim’ ithi ntsi, stru bheka
Bazoyithol’ isagcwel’ ithi mfi, my shukela
Usang’ shupela
Ngaz'vukela, wang’ vusela
Wazvukela, waz’ ncukela
I'stuff sakho ettt

Yabon’ abant’ aba’understand'i yeah yeah
Ukuthi mina nawe we were meant for each other yeah
We dali bamb’ isandla sam
Hamba nam siyoqal’ impilo phesheya

Uyabon’ emhlaben ‘ uthand’ olunjena alutholakali
Kodwa’ ukuthanda wena dali akuyon’ mistake
(Ukuthandwa nguwe dali)
Ukuthandwa nguwe kumnandi njenge Milkshake
All my life ngo suku lwam' lok’ gcina engifis’ ukumbona nguwe (Oh ah welele)
We dali mamela (Mamela)
Imizwa yam\ ithol’ ukukhanya
Nhliziyo yam' ithol’ ikhaya
Uyisibani sempilo yami

Ngicel’ unga worry sthandwa sami (Oh sthandwa sami)
Inhliziyo yam’ ikhethe wena (Khethe wena)
Aw’ ngithi all my life
All my hours
Engifis’ ukumbona nguwe (Engifis’ ukumbona nguwe)
Engifis’ ukumbona nguwe (Oh hah welele)
Engifis’ ukumbona nguwe (Nguwe, nguwe)
All my life
All my hours
Engifis’ ukumbona nguwe (Engifis’ ukumbona nguwe)

Engifis’ ukumbona nguwe (Oh hah welele)
Engifis’ ukumbona nguwe (Nguwe, nguwe)
All my life
All my hours
Engifis’ ukumbona nguwe (Engifis’ ukumbona nguwe)"
Awuhlabe Kabili,
Dear Ex Yami,
Malunde (feat. Springle),"Yah yah yah
Eh Zee Nxumalo
Eh Zee Nxumalo
S'hamba nge

Aw' bathi bhala nayi ngoma
Kazi bayothini la egoli
Ngithi full set ayi sorry
Ingoma xabanisa abo chommie
S'fun ishelter sbali
Uyakhumuleta sbali
Ng'vuka sengilate espanini
Thumela ne uber sbali
Aw' bathi bhala nayi ngoma
Kazi bayothini la egoli
Ngithi full set ayi sorry
Ingoma xabanisa abo chommie
S'fun ishelter sbali
Uyakhumuleta sbali
Ng'vuka sengilate espanini

Bayakhala kahle
Lomtwana uwiphatha sikahla
Bababona eh, labafana baya bala-bala
Ulala malund'
Ulala malund'
Ulala malund' uPalesa
Ulala malund'
Ulala malund'
Ulala malund' uMbalenhle
Bayakhala kahle
Lomtwana ubaphathis' ikhanda
Baya bala bala
Mabam'bona bayakhala-khala
Ulala malund'
Ulala malund'
Ulala malund' uPalesa
Ulala malund'
Ulala malund'
Ulala malund' uMbalenhle

Aw' bathi bhala nayi ngoma
Kazi bayothini la egoli
Ngithi full set ayi sorry
Ingoma xabanisa abo chommie
S'fun ishelter sbali
Uyakhumuleta sbali
Ng'vuka sengilate espanini
Thumela ne uber sbali
Aw' bathi bhala nayi ngoma
Kazi bayothini la egoli
Ngithi full set ayi sorry
Ingoma xabanisa abo chommie
S'fun ishelter sbali
Uyakhumuleta sbali
Ng'vuka sengilate espanini

Bayakhala kahle
Lomtwana uwiphatha sikahla
Bababona eh, labafana baya bala-bala
Ulala malund'
Ulala malund'
Ulala malund' uPalesa
Ulala malund'
Ulala malund'
Ulala malund' uMbalenhle
Bayakhala kahle
Lomtwana ubaphathis' ikhanda
Baya bala bala
Mabam'bona bayakhala-khala
Ulala malund'
Ulala malund'
Ulala malund' uPalesa
Ulala malund'
Ulala malund'
Ulala malund' uMbalenhle

Aw' bathi bhala nayi ngoma
Kazi bayothini la egoli
Ngithi full set ayi sorry
Ingoma xabanisa abo chommie
S'fun ishelter sbali
Uyakhumuleta sbali
Ng'vuka sengilate espanini
Thumela ne uber sbali
Aw' bathi bhala nayi ngoma
Kazi bayothini la egoli
Ngithi full set ayi sorry
Ingoma xabanisa abo chommie
S'fun ishelter sbali
Uyakhumuleta sbali
Ng'vuka sengilate espanini"
Naledi,"Oh, oh, no
Mhm
Mhm
Oh, oh, yeah

Wen' uyinkanyezi elethu kukhanya empilweni yami, mhm (Naledi)
Nsuku zonke zokuphila kwami ngiyozichitha nawe, mhm (Naledi)

(Naledi)
Vuleka masango ngingene (Oh, oh)
Nhliziyo izikhethele wena (Wena, wena, wena, yeah-yeah)
(Naledi)
Vuleka masango ngingene (Oh, oh)
Nhliziyo izifunela wena (Wena, wena, wena)

Aw' welele welele welele
Aw' welele welele, oh, uh (Oh, baby)
Aw' welele welele welele
Aw' welele welele, oh, uh

Uk'fika kwakho empilweni yami kulethi intokozo
Nenjabulo
Wena ulethi ukuthula
Sebefike bonke bakhuluma
Wena uyisthandwa sami
Uyintokozo yami

Wen' uyinkanyezi elethu kukhanya empilweni yami, mhm (Naledi)
Nsuku zonke (Nsuku zonke) zokuphila kwami (Zokuphila kwami) ngiyozichitha nawe (Oh, oh), mhm (Naledi)

(Naledi)
Vuleka masango ngingene (Oh, oh)
Nhliziyo izikhethele wena (Wena, wena, wena, yeah-yeah)
(Naledi)
Vuleka masango ngingene (Oh, oh)
Nhliziyo izifunela wena (Wena, wena, wena)

Nana-na-na
Nana-na-na, nana, na
(Naledi)
Nana-na-na
Nana-na-na, nana, na

Uk'fika kwakho empilweni yami kulethi intokozo
Nenjabulo
Wena ulethi ukuthula
Sebefike bonke bakhuluma
Wena uyisthandwa sami
Uyintokozo yami

(Naledi)"
Ngiyakuthanda,
Romeo & Juliet,"Dali ngawe ngiyay’qhenya
Uma ngikhuluma ngawe, my darli, bathi ngiyayitshela (Oh, oh)
Ngifuna sihlale together
Ngaloluthando, my darli, ngifuna sibafakel’ i'pressure
Ngizoba uRomeo wen’ uJuliet

Loluthando lwangempela, ak’silo lwamadlala
Noma bengeza bebaningi ngeke bas’qede
Loluthando lwangempela, ak’silo lwamadlala
Noma bengeza bebaningi ngeke bas’qede

Ngifuna sihlale together (Together, my love)
Ngoba mina ngawe ngIyazifelaa (Ngiyas’fela, my love)
Ngifuna sihlale ndawonyе (Ndawonye)
Ngik'thandile, my love
Ngifuna sihlalе together (Together, my love)
Ngoba mina ngawe ngIyazifelaa (Ngiyas’fela, my love)
Ngifuna sihlale ndawonye (Ndawonye)
Ngik'thandile, my love

Uthando lwethu darli alufaniswa nelwabanye
Luhlukile nelwabanye
Mina nawe sthandwa sami sohlala sindawonye (Hey, yeah)
Aweh, sondela, my love
Aweh, sondela, my lovey
Thath' uthando lami
Weh darli ngizothath' uthando lwakho
Sikhule ndawonye

Dali ngawe ngiyay’qhenya
Uma ngikhuluma ngawe, my darli, bathi ngiyayitshela (Ngiyayitshela oh, oh)
Ngifuna sihlale together
Ngaloluthando, my darli, ngifuna sibafakel’ i'pressure
Ngizoba uRomeo wen’ uJuliet

Loluthando lwangempela, ak’silo lwamadlala
Noma bengeza bebaningi ngeke bas’qede
Loluthando lwangempela, ak’silo lwamadlala
Noma bengeza bebaningi ngeke bas’qede
Loluthando lwangempela, ak’silo lwamadlala
Noma bengeza bebaningi ngeke bas’qede
Loluthando lwangempela, ak’silo lwamadlala
Noma bengeza bebaningi ngeke bas’qede

Ngifuna sihlale together (Together, my love)
Ngoba mina ngawe ngIyazifelaa (Ngiyas’fela, my love)
Ngifuna sihlale ndawonye (Ndawonye)
Ngik'thandile, my love
Ngifuna sihlale together (Together, my love)
Ngoba mina ngawe ngIyazifelaa (Ngiyas’fela, my love)
Ngifuna sihlale ndawonye (Ndawonye)
Ngik'thandile, my love"
Shapa Bell,"A respectable-looking individual makes his bow and addresses the public. In my daily walks along the principal street of my native town, it has often occurred to me, that, if its growth from infancy upward, and the vicissitude of characteristic scenes that have passed along this thoroughfare during the more than two centuries of its existence, could be presented to the eye in a shifting panorama, it would be an exceedingly effective method of illustrating the march of time. Acting on this idea, I have contrived a certain pictorial exhibition, somewhat in the nature of a puppet-show, by means of which I propose to call up the multiform and many-colored Past before the spectator, and show him the ghosts of his forefathers, amid a succession of historic incidents, with no greater trouble than the turning of a crank. Be pleased, therefore, my indulgent patrons, to walk into the show-room, and take your seats before yonder mysterious curtain. The little wheels and springs of my machinery have been well oiled; a multitude of puppets are dressed in character, representing all varieties of fashion, from the Puritan cloak and jerkin to the latest Oak Hall coat; the lamps are trimmed, and shall brighten into noontide sunshine, or fade away in moonlight, or muffle their brilliancy in a November cloud, as the nature of the scene may require; and, in short, the exhibition is just ready to commence. Unless something should go wrong,—as, for instance, the misplacing of a picture, whereby the people and events of one century might be thrust into the middle of another; or the breaking of a wire, which would bring the course of time to a sudden period,—barring, I say, the casualties to which such a complicated piece of mechanism is liable,—I flatter myself, ladies and gentlemen,—that the performance will elicit your generous approbation.
Ting-a-ting-ting! goes the bell; the curtain rises; and we behold—not, indeed, the Main Street—but the track of leaf-strewn forest-land over which its dusty pavement is hereafter to extend.
You perceive, at a glance, that this is the ancient and primitive wood,—the ever-youthful and venerably old,—verdant with new twigs, yet hoary, as it were, with the snowfall of innumerable years, that have accumulated upon its intermingled branches. The white man’s axe has never smitten a single tree; his footstep has never crumpled a single one of the withered leaves, which all the autumns since the flood have been harvesting beneath. Yet, see! along through the vista of impending boughs, there is already a faintly traced path, running nearly east and west, as if a prophecy or foreboding of the future street had stolen into the heart of the solemn old wood. Onward goes this hardly perceptible track, now ascending over a natural swell of land, now subsiding gently into a hollow; traversed here by a little streamlet, which glitters like a snake through the gleam of sunshine, and quickly hides itself among the underbrush, in its quest for the neighboring cove; and impeded there by the massy corpse of a giant of the forest, which had lived out its incalculable term of life, and been overthrown by mere old age, and lies buried in the new vegetation that is born of its decay. What footsteps can have worn this half-seen path? Hark! Do we not hear them now rustling softly over the leaves? We discern an Indian woman,—a majestic and queenly woman, or else her spectral image does not represent her truly,—for this is the great Squaw Sachem, whose rule, with that of her sons, extends from Mystic to Agawam. That red chief, who stalks by her side, is Wappacowet, her second husband, the priest and magician, whose incantations shall hereafter affright the pale-faced settlers with grisly phantoms, dancing and shrieking in the woods, at midnight. But greater would be the affright of the Indian necromancer, if, mirrored in the pool of water at his feet, he could catch a prophetic glimpse of the noonday marvels which the white man is destined to achieve; if he could see, as in a dream, the stone front of the stately hall, which will cast its shadow over this very spot; if he could be aware that the future edifice will contain a noble Museum, where, among countless curiosities of earth and sea, a few Indian arrow-heads shall be treasured up as memorials of a vanished race!
No such forebodings disturb the Squaw Sachem and Wappacowet. They pass on, beneath the tangled shade, holding high talk on matters of state and religion, and imagine, doubtless, that their own system of affairs will endure forever. Meanwhile, how full of its own proper life is the scene that lies around them! The gray squirrel runs up the trees, and rustles among the upper branches. Was not that the leap of a deer? And there is the whirr of a partridge! Methinks, too, I catch the cruel and stealthy eye of a wolf, as he draws back into yonder impervious density of underbrush. So, there, amid the murmur of boughs, go the Indian queen and the Indian priest; while the gloom of the broad wilderness impends over them, and its sombre mystery invests them as with something preternatural; and only momentary streaks of quivering sunlight, once in a great while, find their way down, and glimmer among the feathers in their dusky hair. Can it be that the thronged street of a city will ever pass into this twilight solitude,—over those soft heaps of the decaying tree-trunks, and through the swampy places, green with water-moss, and penetrate that hopeless entanglement of great trees, which have been uprooted and tossed together by a whirlwind? It has been a wilderness from the creation. Must it not be a wilderness forever?
Here an acidulous-looking gentleman in blue glasses, with bows of Berlin steel, who has taken a seat at the extremity of the front row, begins, at this early stage of the exhibition, to criticise.
“The whole affair is a manifest catchpenny!” observes he, scarcely under his breath. “The trees look more like weeds in a garden than a primitive forest; the Squaw Sachem and Wappacowet are stiff in their pasteboard joints; and the squirrels, the deer, and the wolf move with all the grace of a child’s wooden monkey, sliding up and down a stick.”
“I am obliged to you, sir, for the candor of your remarks,” replies the showman, with a bow. “Perhaps they are just. Human art has its limits, and we must now and then ask a little aid from the spectator’s imagination.”
“You will get no such aid from mine,” responds the critic. “I make it a point to see things precisely as they are. But come! go ahead! the stage is waiting!”
The showman proceeds.
Casting our eyes again over the scene, we perceive that strangers have found their way into the solitary place. In more than one spot, among the trees, an upheaved axe is glittering in the sunshine. Roger Conant, the first settler in Naumkeag, has built his dwelling, months ago, on the border of the forest-path; and at this moment he comes eastward through the vista of woods, with his gun over his shoulder, bringing home the choice portions of a deer. His stalwart figure, clad in a leathern jerkin and breeches of the same, strides sturdily onward, with such an air of physical force and energy that we might almost expect the very trees to stand aside, and give him room to pass. And so, indeed, they must; for, humble as is his name in history, Roger Conant still is of that class of men who do not merely find, but make, their place in the system of human affairs; a man of thoughtful strength, he has planted the germ of a city. There stands his habitation, showing in its rough architecture some features of the Indian wigwam, and some of the log-cabin, and somewhat, too, of the straw-thatched cottage in Old England, where this good yeoman had his birth and breeding. The dwelling is surrounded by a cleared space of a few acres, where Indian corn grows thrivingly among the stumps of the trees; while the dark forest hems it in, and scenes to gaze silently and solemnly, as if wondering at the breadth of sunshine which the white man spreads around him. An Indian, half hidden in the dusky shade, is gazing and wondering too.
Within the door of the cottage you discern the wife, with her ruddy English cheek. She is singing, doubtless, a psalm tune, at her household work; or, perhaps she sighs at the remembrance of the cheerful gossip, and all the merry social life, of her native village beyond the vast and melancholy sea. Yet the next moment she laughs, with sympathetic glee, at the sports of her little tribe of children; and soon turns round, with the home-look in her face, as her husband’s foot is heard approaching the rough-hewn threshold. How sweet must it be for those who have an Eden in their hearts, like Roger Conant and his wife, to find a new world to project it into, as they have, instead of dwelling among old haunts of men, where so many household fires have been kindled and burnt out, that the very glow of happiness has something dreary in it! Not that this pair are alone in their wild Eden, for here comes Goodwife Massey, the young spouse of Jeffrey Massey, from her home hard by, with an infant at her breast. Dame Conant has another of like age; and it shall hereafter be one of the disputed points of history which of these two babies was the first town-born child.
But see! Roger Conant has other neighbors within view. Peter Palfrey likewise has built himself a house, and so has Balch, and Norman, and Woodbury. Their dwellings, indeed,—such is the ingenious contrivance of this piece of pictorial mechanism,—seem to have arisen, at various points of the scene, even while we have been looking at it. The forest-track, trodden more and more by the hobnailed shoes of these sturdy and ponderous Englishmen, has now a distinctness which it never could have acquired from the light tread of a hundred times as many Indian moccasins. It will be a street, anon! As we observe it now, it goes onward from one clearing to another, here plunging into a shadowy strip of woods, there open to the sunshine, but everywhere showing a decided line, along which human interests have begun to hold their career. Over yonder swampy spot, two trees have been felled, and laid side by side to make a causeway. In another place, the axe has cleared away a confused intricacy of fallen trees and clustered boughs, which had been tossed together by a hurricane. So now the little children, just beginning to run alone, may trip along the path, and not often stumble over an impediment, unless they stray from it to gather wood-berries beneath the trees. And, besides the feet of grown people and children, there are the cloven hoofs of a small herd of cows, who seek their subsistence from the native grasses, and help to deepen the track of the future thoroughfare. Goats also browse along it, and nibble at the twigs that thrust themselves across the way. Not seldom, in its more secluded portions, where the black shadow of the forest strives to hide the trace of human-footsteps, stalks a gaunt wolf, on the watch for a kid or a young calf; or fixes his hungry gaze on the group of children gathering berries, and can hardly forbear to rush upon them. And the Indians, coming from their distant wigwams to view the white man’s settlement, marvel at the deep track which he makes, and perhaps are saddened by a flitting presentiment that this heavy tread will find its way over all the land; and that the wild-woods, the wild wolf, and the wild Indian will alike be trampled beneath it. Even so shall it be. The pavements of the Main Street must be laid over the red man’s grave.
Behold! here is a spectacle which should be ushered in by the peal of trumpets, if Naumkeag had ever yet heard that cheery music, and by the roar of cannon, echoing among the woods. A procession,—for, by its dignity, as marking an epoch in the history of the street, it deserves that name,—a procession advances along the pathway. The good ship Abigail has arrived from England, bringing wares and merchandise, for the comfort of the inhabitants, and traffic with the Indians; bringing passengers too, and, more important than all, a governor for the new settlement. Roger Conant and Peter Palfrey, with their companions, have been to the shore to welcome him; and now, with such honor and triumph as their rude way of life permits, are escorting the sea-flushed voyagers to their habitations. At the point where Endicott enters upon the scene, two venerable trees unite their branches high above his head; thus forming a triumphal arch of living verdure, beneath which he pauses, with his wife leaning on his arm, to catch the first impression of their new-found home. The old settlers gaze not less earnestly at him, than he at the hoary woods and the rough surface of the clearings. They like his bearded face, under the shadow of the broad-brimmed and steeple-crowned Puritan hat;—a visage resolute, grave, and thoughtful, yet apt to kindle with that glow of a cheerful spirit by which men of strong character are enabled to go joyfully on their proper tasks. His form, too, as you see it, in a doublet and hose of sad-colored cloth, is of a manly make, fit for toil and hardship, and fit to wield the heavy sword that hangs from his leathern belt. His aspect is a better warrant for the ruler’s office than the parchment commission which he bears, however fortified it may be with the broad seal of the London council. Peter Palfrey nods to Roger Conant. “The worshipful Court of Assistants have done wisely,” say they between themselves. “They have chosen for our governor a man out of a thousand.” Then they toss up their hats,—they, and all the uncouth figures of their company, most of whom are clad in skins, inasmuch as their old kersey and linsey-woolsey garments have been torn and tattered by many a long month’s wear,—they all toss up their hats, and salute their new governor and captain with a hearty English shout of welcome. We seem to hear it with our own ears, so perfectly is the action represented in this life-like, this almost magic picture!
But have you observed the lady who leans upon the arm of Endicott?—-a rose of beauty from an English garden, now to be transplanted to a fresher soil. It may be that, long years—centuries indeed—after this fair flower shall have decayed, other flowers of the same race will appear in the same soil, and gladden other generations with hereditary beauty. Does not the vision haunt us yet? Has not Nature kept the mould unbroken, deeming it a pity that the idea should vanish from mortal sight forever, after only once assuming earthly substance? Do we not recognize, in that fair woman’s face, a model of features which still beam, at happy moments, on what was then the woodland pathway, but has long since grown into a busy street?
“This is too ridiculous!—positively insufferable!” mutters the same critic who had before expressed his disapprobation. “Here is a pasteboard figure, such as a child would cut out of a card, with a pair of very dull scissors; and the fellow modestly requests us to see in it the prototype of hereditary beauty!”
“But, sir, you have not the proper point of view,” remarks the showman. “You sit altogether too near to get the best effect of my pictorial exhibition. Pray, oblige me by removing to this other bench, and I venture to assure you the proper light and shadow will transform the spectacle into quite another thing.”
“Pshaw!” replies the critic; “I want no other light and shade. I have already told you that it is my business to see things just as they are.”
“I would suggest to the author of this ingenious exhibition,” observes a gentlemanly person, who has shown signs of being much interested,—“I would suggest that Anna Gower, the first wife of Governor Endicott, and who came with him from England, left no posterity; and that, consequently, we cannot be indebted to that honorable lady for any specimens of feminine loveliness now extant among us.”
Having nothing to allege against this genealogical objection, the showman points again to the scene.
During this little interruption, you perceive that the Anglo-Saxon energy—as the phrase now goes—has been at work in the spectacle before us. So many chimneys now send up their smoke, that it begins to have the aspect of a village street; although everything is so inartificial and inceptive, that it seems as if one returning wave of the wild nature might overwhelm it all. But the one edifice which gives the pledge of permanence to this bold enterprise is seen at the central point of the picture. There stands the meeting-house, a small structure, low-roofed, without a spire, and built of rough timber, newly hewn, with the sap still in the logs, and here and there a strip of bark adhering to them. A meaner temple was never consecrated to the worship of the Deity. With the alternative of kneeling beneath the awful vault of the firmament, it is strange that men should creep into this pent-up nook, and expect God’s presence there. Such, at least, one would imagine, might be the feeling of these forest-settlers, accustomed, as they had been, to stand under the dim arches of vast cathedrals, and to offer up their hereditary worship in the old ivy-covered churches of rural England, around which lay the bones of many generations of their forefathers. How could they dispense with the carved altar-work?—how, with the pictured windows, where the light of common day was hallowed by being transmitted through the glorified figures of saints?—how, with the lofty roof, imbued, as it must have been, with the prayers that had gone upward for centuries?—how, with the rich peal of the solemn organ, rolling along the aisles, pervading the whole church, and sweeping the soul away on a flood of audible religion? They needed nothing of all this. Their house of worship, like their ceremonial, was naked, simple, and severe. But the zeal of a recovered faith burned like a lamp within their hearts, enriching everything around them with its radiance; making of these new walls, and this narrow compass, its own cathedral; and being, in itself, that spiritual mystery and experience, of which sacred architecture, pictured windows, and the organ’s grand solemnity are remote and imperfect symbols. All was well, so long as their lamps were freshly kindled at heavenly flame. After a while, however, whether in their time or their children’s, these lamps began to burn more dimly, or with a less genuine lustre; and then it might be seen how hard, cold, and confined was their system,—how like an iron cage was that which they called Liberty.
Too much of this. Look again at the picture, and observe how the aforesaid Anglo-Saxon energy is now trampling along the street, and raising a positive cloud of dust beneath its sturdy footsteps. For there the carpenters are building a new house, the frame of which was hewn and fitted in England, of English oak, and sent hither on shipboard; and here a blacksmith makes huge slang and clatter on his anvil, shaping out tools and weapons; and yonder a wheelwright, who boasts himself a London workman, regularly bred to his handicraft, is fashioning a set of wagon-wheels, the track of which shall soon be visible. The wild forest is shrinking back; the street has lost the aromatic odor of the pine-trees, and of the sweet-fern that grew beneath them. The tender and modest wild-flowers, those gentle children of savage nature that grew pale beneath the ever-brooding shade, have shrank away and disappeared, like stars that vanish in the breadth of light. Gardens are fenced in, and display pumpkin-beds and rows of cabbages and beans; and, though the governor and the minister both view them with a disapproving eye, plants of broad-leaved tobacco, which the cultivators are enjoined to use privily, or not at all. No wolf, for a year past, has been heard to bark, or known to range among the dwellings, except that single one, whose grisly head, with a plash of blood beneath it, is now affixed to the portal of the meeting-house. The partridge has ceased to run across the too-frequented path. Of all the wild life that used to throng here, only the Indians still come into the settlement, bringing the skins of beaver and otter, bear and elk, which they sell to Endicott for the wares of England. And there is little John Massey, the son of Jeffrey Massey and first-born of Naumkeag, playing beside his father’s threshold, a child of six or seven years old. Which is the better-grown infant,—the town or the boy?
The red men have become aware that the street is no longer free to them, save by the sufferance and permission of the settlers. Often, to impress them with an awe of English power, there is a muster and training of the town-forces, and a stately march of the mail-clad band, like this which we now see advancing up the street. There they come, fifty of them, or more; all with their iron breastplates and steel caps well burnished, and glimmering bravely against the sun; their ponderous muskets on their shoulders, their bandaliers about their waists, their lighted matches in their hands, and the drum and fife playing cheerily before them. See! do they not step like martial men? Do they not manœuvre like soldiers who have seen stricken fields? And well they may; for this band is composed of precisely such materials as those with which Cromwell is preparing to beat down the strength of a kingdom; and his famous regiment of Ironsides might be recruited from just such men. In everything, at this period, New England was the essential spirit and flower of that which was about to become uppermost in the mother-country. Many a bold and wise man lost the fame which would have accrued to him in English history, by crossing the Atlantic with our forefathers. Many a valiant captain, who might have been foremost at Marston Moor or Naseby, exhausted his martial ardor in the command of a log-built fortress, like that which you observe on the gently rising ground at the right of the pathway,—its banner fluttering in the breeze, and the culverins and sakers showing their deadly muzzles over the rampart.
A multitude of people were now thronging to New England: some, because the ancient and ponderous framework of Church and State threatened to crumble down upon their heads; others, because they despaired of such a downfall. Among those who came to Naumkeag were men of history and legend, whose feet leave a track of brightness along any pathway which they have trodden. You shall behold their life-like images—their spectres, if you choose so to call them—passing, encountering with a familiar nod, stopping to converse together, praying, bearing weapons, laboring or resting from their labors, in the Main Street. Here, now, comes Hugh Peters, an earnest, restless man, walking swiftly, as being impelled by that fiery activity of nature which shall hereafter thrust him into the conflict of dangerous affairs, make him the chaplain and counsellor of Cromwell, and finally bring him to a bloody end. He pauses, by the meetinghouse, to exchange a greeting with Roger Williams, whose face indicates, methinks, a gentler spirit, kinder and more expansive, than that of Peters; yet not less active for what he discerns to be the will of God, or the welfare of mankind. And look! here is a guest for Endicott, coming forth out of the forest, through which he has been journeying from Boston, and which, with its rude branches, has caught hold of his attire, and has wet his feet with its swamps and streams. Still there is something in his mild and venerable, though not aged presence—a propriety, an equilibrium, in Governor Winthrop’s nature—that causes the disarray of his costume to be unnoticed, and gives us the same impression as if he were clad in such rave and rich attire as we may suppose him to have worn in the Council Chamber of the colony. Is not this characteristic wonderfully perceptible in our spectral representative of his person? But what dignitary is this crossing from the other side to greet the governor? A stately personage, in a dark velvet cloak, with a hoary beard, and a gold chain across his breast; he has the authoritative port of one who has filled the highest civic station in the first of cities. Of all men in the world, we should least expect to meet the Lord Mayor of London—as Sir Richard Saltonstall has been, once and again—in a forest-bordered settlement of the western wilderness.
Farther down the street, we see Emanuel Downing, a grave and worthy citizen, with his son George, a stripling who has a career before him; his shrewd and quick capacity and pliant conscience shall not only exalt him high, but secure him from a downfall. Here is another figure, on whose characteristic make and expressive action I will stake the credit of my pictorial puppet-show.
Have you not already detected a quaint, sly humor in that face,—an eccentricity in the manner,—a certain indescribable waywardness,—all the marks, in short, of an original man, unmistakably impressed, yet kept down by a sense of clerical restraint? That is Nathaniel Ward, the minister of Ipswich, but better remembered as the simple cobbler of Agawam. He hammered his sole so faithfully, and stitched his upper-leather so well, that the shoe is hardly yet worn out, though thrown aside for some two centuries past. And next, among these Puritans and Roundheads, we observe the very model of a Cavalier, with the curling lovelock, the fantastically trimmed beard, the embroidery, the ornamented rapier, the gilded dagger, and all other foppishnesses that distinguished the wild gallants who rode headlong to their overthrow in the cause of King Charles. This is Morton of Merry Mount, who has come hither to hold a council with Endicott, but will shortly be his prisoner. Yonder pale, decaying figure of a white-robed woman, who glides slowly along the street, is the Lady Arabella, looking for her own grave in the virgin soil. That other female form, who seems to be talking—we might almost say preaching or expounding—in the centre of a group of profoundly attentive auditors, is Ann Hutchinson. And here comes Vane—
“But, my dear sir,” interrupts the same gentleman who before questioned the showman’s genealogical accuracy, “allow me to observe that these historical personages could not possibly have met together in the Main Street. They might, and probably did, all visit our old town, at one time or another, but not simultaneously; and you have fallen into anachronisms that I positively shudder to think of!”
“The fellow,” adds the scarcely civil critic, “has learned a bead-roll of historic names, whom he lugs into his pictorial puppet-show, as he calls it, helter-skelter, without caring whether they were contemporaries or not,—and sets them all by the ears together. But was there ever such a fund of impudence? To hear his running commentary, you would suppose that these miserable slips of painted pasteboard, with hardly the remotest outlines of the human figure, had all the character and expression of Michael Angelo’s pictures. Well! go on, sir!”
“Sir, you break the illusion of the scene,” mildly remonstrates the showman.
“Illusion! What illusion?” rejoins the critic, with a contemptuous snort. “On the word of a gentleman, I see nothing illusive in the wretchedly bedaubed sheet of canvas that forms your background, or in these pasteboard slips that hitch and jerk along the front. The only illusion, permit me to say, is in the puppet-showman’s tongue,—and that but a wretched one, into the bargain!”
“We public men,” replies the showman, meekly, “must lay our account, sometimes, to meet an uncandid severity of criticism. But—merely for your own pleasure, sir—let me entreat you to take another point of view. Sit farther back, by that young lady, in whose face I have watched the reflection of every changing scene; only oblige me by sitting there; and, take my word for it, the slips of pasteboard shall assume spiritual life, and the bedaubed canvas become an airy and changeable reflex of what it purports to represent.”
“I know better,” retorts the critic, settling himself in his seat, with sullen but self-complacent immovableness. “And, as for my own pleasure, I shall best consult it by remaining precisely where I am.”
The showman bows, and waves his hand; and, at the signal, as if time and vicissitude had been awaiting his permission to move onward, the mimic street becomes alive again.
Years have rolled over our scene, and converted the forest-track into a dusty thoroughfare, which, being intersected with lanes and cross-paths, may fairly be designated as the Main Street. On the ground-sites of many of the log-built sheds, into which the first settlers crept for shelter, houses of quaint architecture have now risen. These later edifices are built, as you see, in one generally accordant style, though with such subordinate variety as keeps the beholder’s curiosity excited, and causes each structure, like its owner’s character, to produce its own peculiar impression. Most of them have a huge chimney in the centre, with flues so vast that it must have been easy for the witches to fly out of them as they were wont to do, when bound on an aerial visit to the Black Man in the forest. Around this great chimney the wooden house clusters itself, in a whole community of gable-ends, each ascending into its own separate peak; the second story, with its lattice-windows, projecting over the first; and the door, which is perhaps arched, provided on the outside with an iron hammer, wherewith the visitor’s hand may give a thundering rat-a-tat.
The timber framework of these houses, as compared with those of recent date, is like the skeleton of an old giant, beside the frail bones of a modern man of fashion. Many of them, by the vast strength and soundness of their oaken substance, have been preserved through a length of time which would have tried the stability of brick and stone; so that, in all the progressive decay and continual reconstruction of the street, down to our own days, we shall still behold these old edifices occupying their long-accustomed sites. For instance, on the upper corner of that green lane which shall hereafter be North Street, we see the Curwen House, newly built, with the carpenters still at work on the roof nailing down the last sheaf of shingles. On the lower corner stands another dwelling,—destined, at some period of its existence, to be the abode of an unsuccessful alchemist,—which shall likewise survive to our own generation, and perhaps long outlive it. Thus, through the medium of these patriarchal edifices, we have now established a sort of kindred and hereditary acquaintance with the Main Street.
Great as is the transformation produced by a short term of years, each single day creeps through the Puritan settlement sluggishly enough. It shall pass before your eyes, condensed into the space of a few moments. The gray light of early morning is slowly diffusing itself over the scene; and the bellman, whose office it is to cry the hour at the street-corners, rings the last peal upon his hand bell, and goes wearily homewards, with the owls, the bats, and other creatures of the night. Lattices are thrust back on their hinges, as if the town were opening its eyes, in the summer morning. Forth stumbles the still drowsy cowherd, with his horn; putting which to his lips, it emits a bellowing bray, impossible to be represented in the picture, but which reaches the pricked-up ears of every cow in the settlement, and tells her that the dewy pasture-hour is come. House after house awakes, and sends the smoke up curling from its chimney, like frosty breath from living nostrils; and as those white wreaths of smoke, though impregnated with earthy admixtures, climb skyward, so, from each dwelling, does the morning worship—its spiritual essence, bearing up its human imperfection—find its way to the heavenly Father’s throne.
The breakfast-hour being passed, the inhabitants do not, as usual, go to their fields or workshops, but remain within doors; or perhaps walk the street, with a grave sobriety, yet a disengaged and unburdened aspect, that belongs neither to a holiday nor a Sabbath. And, indeed, this passing day is neither, nor is it a common week-day, although partaking of all the three. It is the Thursday Lecture; an institution which New England has long ago relinquished, and almost forgotten, yet which it would have been better to retain, as bearing relations to both the spiritual and ordinary life, and bringing each acquainted with the other. The tokens of its observance, however, which here meet our eyes, are of rather a questionable cast. It is, in one sense, a day of public shame; the day on which transgressors, who have made themselves liable to the minor severities of the Puritan law receive their reward of ignominy. At this very moment, this constable has bound an idle fellow to the whipping-post, and is giving him his deserts with a cat-o’-nine tails. Ever since sunrise, Daniel Fairfield has been standing on the steps of the meeting-house, with a halter about his neck, which he is condemned to wear visibly throughout his lifetime; Dorothy Talby is chained to a post at the corner of Prison Lane, with the hot sun blazing on her matronly face, and all for no other offence than lifting her hand against her husband; while, through the bars of that great wooden cage, in the centre of the scene, we discern either a human being or a wild beast, or both in one, whom this public infamy causes to roar, and gnash his teeth, and shake the strong oaken bars, as if he would break forth, and tear in pieces the little children who have been peeping at him. Such are the profitable sights that serve the good people to while away the earlier part of lecture-day. Betimes in the forenoon, a traveller—the first traveller that has come hitherward this morning—rides slowly into the street on his patient steed. He seems a clergyman; and, as he draws near, we recognize the minister of Lynn, who was pre-engaged to lecture here, and has been revolving his discourse, as he rode through the hoary wilderness. Behold, now, the whole town thronging into the meeting-house, mostly with such sombre visages that the sunshine becomes little better than a shadow when it falls upon them. There go the Thirteen Men, grim rulers of a grim community! There goes John Massey, the first town-born child, now a youth of twenty, whose eye wanders with peculiar interest towards that buxom damsel who comes up the steps at the same instant. There hobbles Goody Foster, a sour and bitter old beldam, looking as if she went to curse, and not to pray, and whom many of her neighbors suspect of taking an occasional airing on a broomstick. There, too, slinking shamefacedly in, you observe that same poor do-nothing and good-for-nothing whom we saw castigated just now at the whipping-post. Last of all, there goes the tithing-man, lugging in a couple of small boys, whom he has caught at play beneath God’s blessed sunshine, in a back lane. What native of Naumkeag, whose recollections go back more than thirty years, does not still shudder at that dark ogre of his infancy, who perhaps had long ceased to have an actual existence, but still lived in his childish belief, in a horrible idea, and in the nurse’s threat, as the Tidy Man!
It will be hardly worth our while to wait two, or it may be three, turnings of the hour-glass, for the conclusion of the lecture. Therefore, by my control over light and darkness, I cause the dusk, and then the starless night, to brood over the street; and summon forth again the bellman, with his lantern casting a gleam about his footsteps, to pace wearily from corner to corner, and shout drowsily the hour to drowsy or dreaming ears. Happy are we, if for nothing else, yet because we did not live in those days. In truth, when the first novelty and stir of spirit had subsided,—when the new settlement, between the forest-border and the sea, had become actually a little town,—its daily life must have trudged onward with hardly anything to diversify and enliven it, while also its rigidity could not fail to cause miserable distortions of the moral nature. Such a life was sinister to the intellect, and sinister to the heart; especially when one generation had bequeathed its religious gloom, and the counterfeit of its religious ardor, to the next; for these characteristics, as was inevitable, assumed the form both of hypocrisy and exaggeration, by being inherited from the example and precept of other human beings, and not from an original and spiritual source. The sons and grandchildren of the first settlers were a race of lower and narrower souls than their progenitors had been. The latter were stern, severe, intolerant, but not superstitious, not even fanatical; and endowed, if any men of that age were, with a far-seeing worldly sagacity. But it was impossible for the succeeding race to grow up, in heaven’s freedom, beneath the discipline which their gloomy energy of character had established; nor, it may be, have we even yet thrown off all the unfavorable influences which, among many good ones, were bequeathed to us by our Puritan forefathers. Let us thank God for having given us such ancestors; and let each successive generation thank him, not less fervently, for being one step further from them in the march of ages.
“What is all this?” cries the critic. “A sermon? If so, it is not in the bill.”
“Very true,” replies the showman; “and I ask pardon of the audience.”
Look now at the street, and observe a strange people entering it. Their garments are torn and disordered, their faces haggard, their figures emaciated; for they have made their way hither through pathless deserts, suffering hunger and hardship, with no other shelter thin a hollow tree, the lair of a wild beast, or an Indian wigwam. Nor, in the most inhospitable and dangerous of such lodging-places, was there half the peril that awaits them in this thoroughfare of Christian men, with those secure dwellings and warm hearths on either side of it, and yonder meeting-house as the central object of the scene. These wanderers have received from Heaven a gift that, in all epochs of the world, has brought with it the penalties of mortal suffering and persecution, scorn, enmity, and death itself;—a gift that, thus terrible to its possessors, has ever been most hateful to all other men, since its very existence seems to threaten the overthrow of whatever else the toilsome ages have built up;—the gift of a new idea. You can discern it in them, illuminating their faces—their whole persons, indeed, however earthly and cloddish—with a light that inevitably shines through, and makes the startled community aware that these men are not as they themselves are,—not brethren nor neighbors of their thought. Forthwith, it is as if an earthquake rumbled through the town, making its vibrations felt at every hearthstone, and especially causing the spire of the meeting-house to totter. The Quakers have come. We are in peril! See! they trample upon our wise and well-established laws in the person of our chief magistrate; for Governor Endicott is passing, now an aged man, and dignified with long habits of authority,—and not one of the irreverent vagabonds has moved his hat. Did you note the ominous frown of the white-bearded Puritan governor, as he turned himself about, and, in his anger, half uplifted the staff that has become a needful support to his old age? Here comes old Mr. Norris, our venerable minister. Will they doff their hats, and pay reverence to him? No: their hats stick fast to their ungracious heads, as if they grew there; and—impious varlets that they are, and worse than the heathen Indians!—they eye our reverend pastor with a peculiar scorn, distrust, unbelief, and utter denial of his sanctified pretensions, of which he himself immediately becomes conscious; the more bitterly conscious, as he never knew nor dreamed of the like before.
But look yonder! Can we believe our eyes? A Quaker woman, clad in sackcloth, and with ashes on her head, has mounted the steps of the meeting-house. She addresses the people in a wild, shrill voice,—wild and shrill it must be to suit such a figure,—which makes them tremble and turn pale, although they crowd open-mouthed to hear her. She is bold against established authority; she denounces the priest and his steeple-house. Many of her hearers are appalled; some weep; and others listen with a rapt attention, as if a living truth had now, for the first time, forced its way through the crust of habit, reached their hearts, and awakened them to life. This matter must be looked to; else we have brought our faith across the seas with us in vain; and it had been better that the old forest were still standing here, waving its tangled boughs and murmuring to the sky out of its desolate recesses, instead of this goodly street, if such blasphemies be spoken in it.
So thought the old Puritans. What was their mode of action may be partly judged from the spectacles which now pass before your eyes. Joshua Buffum is standing in the pillory. Cassandra Southwick is led to prison. And there a woman, it is Ann Coleman,—naked from the waist upward, and bound to the tail of a cart, is dragged through the Main Street at the pace of a brisk walk, while the constable follows with a whip of knotted cords. A strong-armed fellow is that constable; and each time that he flourishes his lash in the air, you see a frown wrinkling and twisting his brow, and, at the same instant, a smile upon his lips. He loves his business, faithful officer that he is, and puts his soul into every stroke, zealous to fulfil the injunction of Major Hawthorne’s warrant, in the spirit and to the letter. There came down a stroke that has drawn blood! Ten such stripes are to be given in Salem, ten in Boston, and ten in Dedham; and, with those thirty stripes of blood upon her, she is to be driven into the forest. The crimson trail goes wavering along the Main Street; but Heaven grant that, as the rain of so many years has wept upon it, time after time, and washed it all away, so there may have been a dew of mercy, to cleanse this cruel blood-stain out of the record of the persecutor’s life!
Pass on, thou spectral constable, and betake thee to thine own place of torment. Meanwhile, by the silent operation of the mechanism behind the scenes, a considerable space of time would seem to have lapsed over the street. The older dwellings now begin to look weather-beaten, through the effect of the many eastern storms that have moistened their unpainted shingles and clapboards, for not less than forty years. Such is the age we would assign to the town, judging by the aspect of John Massey, the first town-born child, whom his neighbors now call Goodman Massey, and whom we see yonder, a grave, almost autumnal-looking man, with children of his own about him. To the patriarchs of the settlement, no doubt, the Main Street is still but an affair of yesterday, hardly more antique, even if destined to be more permanent, than a path shovelled through the snow. But to the middle-aged and elderly men who came hither in childhood or early youth, it presents the aspect of a long and well-established work, on which they have expended the strength and ardor of their life. And the younger people, native to the street, whose earliest recollections are of creeping over the paternal threshold, and rolling on the grassy margin of the track, look at it as one of the perdurable things of our mortal state,—as old as the hills of the great pasture, or the headland at the harbor’s mouth. Their fathers and grandsires tell them how, within a few years past, the forest stood here, with but a lonely track beneath its tangled shade. Vain legend! They cannot make it true and real to their conceptions. With them, moreover, the Main Street is a street indeed, worthy to hold its way with the thronged and stately avenues of cities beyond the sea. The old Puritans tell them of the crowds that hurry along Cheapside and Fleet Street and the Strand, and of the rush of tumultuous life at Temple Bar. They describe London Bridge, itself a street, with a row of houses on each side. They speak of the vast structure of the Tower, and the solemn grandeur of Westminster Abbey. The children listen, and still inquire if the streets of London are longer and broader than the one before their father’s door; if the Tower is bigger than the jail in Prison Lane; if the old Abbey will hold a larger congregation than our meeting-house. Nothing impresses them, except their own experience.
It seems all a fable, too, that wolves have ever prowled here; and not less so, that the Squaw Sachem, and the Sagamore her son, once ruled over this region, and treated as sovereign potentates with the English settlers, then so few and storm-beaten, now so powerful. There stand some school-boys, you observe, in a little group around a drunken Indian, himself a prince of the Squaw Sachem’s lineage. He brought hither some beaver-skins for sale, and has already swallowed the larger portion of their price, in deadly draughts of firewater. Is there not a touch of pathos in that picture? and does it not go far towards telling the whole story of the vast growth and prosperity of one race, and the fated decay of another?—the children of the stranger making game of the great Squaw Sachem’s grandson!
But the whole race of red men have not vanished with that wild princess and her posterity. This march of soldiers along the street betokens the breaking out of King Philip’s war; and these young men, the flower of Essex, are on their way to defend the villages on the Connecticut; where, at Bloody Brook, a terrible blow shall be smitten, and hardly one of that gallant band be left alive. And there, at that stately mansion, with its three peaks in front, and its two little peaked towers, one on either side of the door, we see brave Captain Gardner issuing forth, clad in his embroidered buff-coat, and his plumed cap upon his head. His trusty sword, in its steel scabbard, strikes clanking on the doorstep. See how the people throng to their doors and windows, as the cavalier rides past, reining his mettled steed so gallantly, and looking so like the very soul and emblem of martial achievement,—destined, too, to meet a warrior’s fate, at the desperate assault on the fortress of the Narragansetts!
“The mettled steed looks like a pig,” interrupts the critic, “and Captain Gardner himself like the Devil, though a very tame one, and on a most diminutive scale.”
“Sir, sir!” cries the persecuted showman, losing all patience,—for, indeed, he had particularly prided himself on these figures of Captain Gardner and his horse,—“I see that there is no hope of pleasing you. Pray, sir, do me the favor to take back your money, and withdraw!”
“Not I!” answers the unconscionable critic. “I am just beginning to get interested in the matter. Come! turn your crank, and grind out a few more of these fooleries!”
The showman rubs his brow impulsively, whisks the little rod with which he points out the notabilities of the scene, but, finally, with the inevitable acquiescence of all public servants, resumes his composure and goes on.
Pass onward, onward, Time! Build up new houses here, and tear down thy works of yesterday, that have already the rusty moss upon them! Summon forth the minister to the abode of the young maiden, and bid him unite her to the joyful bridegroom! Let the youthful parents carry their first-born to the meeting-house, to receive the baptismal rite! Knock at the door, whence the sable line of the funeral is next to issue! Provide other successive generations of men, to trade, talk, quarrel, or walk in friendly intercourse along the street, as their fathers did before them! Do all thy daily and accustomed business, Father Time, in this thoroughfare, which thy footsteps, for so many years, have now made dusty! But here, at last, thou leadest along a procession which, once witnessed, shall appear no more, and be remembered only as a hideous dream of thine, or a frenzy of thy old brain.
“Turn your crank, I say,” bellows the remorseless critic, “and grind it out, whatever it be, without further preface!”
The showman deems it best to comply.
Then, here comes the worshipful Captain Curwen, sheriff of Essex, on horseback, at the head of an armed guard, escorting a company of condemned prisoners from the jail to their place of execution on Gallows Hill. The witches! There is no mistaking them! The witches! As they approach up Prison Lane, and turn into the Main Street, let us watch their faces, as if we made a part of the pale crowd that presses so eagerly about them, yet shrinks back with such shuddering dread, leaving an open passage betwixt a dense throng on either side. Listen to what the people say.
There is old George Jacobs, known hereabouts, these sixty years, as a man whom we thought upright in all his way of life, quiet, blameless, a good husband before his pious wife was summoned from the evil to come, and a good father to the children whom she left him. Ah! but when that blessed woman went to heaven, George Jacobs’s heart was empty, his hearth lonely, his life broken tip; his children were married, and betook themselves to habitations of their own; and Satan, in his wanderings up and down, beheld this forlorn old man, to whom life was a sameness and a weariness, and found the way to tempt him. So the miserable sinner was prevailed with to mount into the air, and career among the clouds; and he is proved to have been present at a witch-meeting as far off as Falmouth, on the very same night that his next neighbors saw him, with his rheumatic stoop, going in at his own door. There is John Willard, too; an honest man we thought him, and so shrewd and active in his business, so practical, so intent on every-day affairs, so constant at his little place of trade, where he bartered English goods for Indian corn and all kinds of country produce! How could such a man find time, or what could put it into his mind, to leave his proper calling, and become a wizard? It is a mystery, unless the Black Man tempted him with great heaps of gold. See that aged couple,—a sad sight, truly,—John Proctor, and his wife Elizabeth. If there were two old people in all the county of Essex who seemed to have led a true Christian life, and to be treading hopefully the little remnant of their earthly path, it was this very pair. Yet have we heard it sworn, to the satisfaction of the worshipful Chief-Justice Sewell, and all the court and jury, that Proctor and his wife have shown their withered faces at children’s bedsides, mocking, making mouths, and affrighting the poor little innocents in the night-time. They, or their spectral appearances, have stuck pins into the Afflicted Ones, and thrown them into deadly fainting-fits with a touch, or but a look. And, while we supposed the old man to be reading the Bible to his old wife,—she meanwhile knitting in the chimney-corner,—the pair of hoary reprobates have whisked up the chimney, both on one broomstick, and flown away to a witch-communion, far into the depths of the chill, dark forest. How foolish! Were it only for fear of rheumatic pains in their old bones, they had better have stayed at home. But away they went; and the laughter of their decayed, cackling voices has been heard at midnight, aloft in the air. Now, in the sunny noontide, as they go tottering to the gallows, it is the Devil’s turn to laugh.
Behind these two,—who help another along, and seem to be comforting and encouraging each other, in a manner truly pitiful, if it were not a sin to pity the old witch and wizard,—behind them comes a woman, with a dark proud face that has been beautiful, and a figure that is still majestic. Do you know her? It is Martha Carrier, whom the Devil found in a humble cottage, and looked into her discontented heart, and saw pride there, and tempted her with his promise that she should be Queen of Hell. And now, with that lofty demeanor, she is passing to her kingdom, and, by her unquenchable pride, transforms this escort of shame into a triumphal procession, that shall attend her to the gates of her infernal palace, and seat her upon the fiery throne. Within this hour, she shall assume her royal dignity.
Last of the miserable train comes a man clad in black, of small stature and a dark complexion, with a clerical band about his neck. Many a time, in the years gone by, that face has been uplifted heavenward from the pulpit of the East Meeting-House, when the Rev. Mr. Burroughs seemed to worship God. What!—he? The holy man!—the learned!—the wise! How has the Devil tempted him? His fellow-criminals, for the most part, are obtuse, uncultivated creatures, some of them scarcely half-witted by nature, and others greatly decayed in their intellects through age. They were an easy prey for the destroyer. Not so with this George Burroughs, as we judge by the inward light which glows through his dark countenance, and, we might almost say, glorifies his figure, in spite of the soil and haggardness of long imprisonment,—in spite of the heavy shadow that must fall on him, while death is walking by his side. What bribe could Satan offer, rich enough to tempt and overcome this mail? Alas! it may have been in the very strength of his high and searching intellect, that the Tempter found the weakness which betrayed him. He yearned for knowledge he went groping onward into a world of mystery; at first, as the witnesses have sworn, he summoned up the ghosts of his two dead wives, and talked with them of matters beyond the grave; and, when their responses failed to satisfy the intense and sinful craving of his spirit, he called on Satan, and was heard. Yet—to look at him—who, that had not known the proof, could believe him guilty? Who would not say, while we see him offering comfort to the weak and aged partners of his horrible crime,—while we hear his ejaculations of prayer, that seem to bubble up out of the depths of his heart, and fly heavenward, unawares,—while we behold a radiance brightening on his features as from the other world, which is but a few steps off,—who would not say, that, over the dusty track of the Main Street, a Christian saint is now going to a martyr’s death? May not the Arch-Fiend have been too subtle for the court and jury, and betrayed them—laughing in his sleeve, the while—into the awful error of pouring out sanctified blood as an acceptable sacrifice upon God’s altar? Ah! no; for listen to wise Cotton Mather, who, as he sits there on his horse, speaks comfortably to the perplexed multitude, and tells them that all has been religiously and justly done, and that Satan’s power shall this day receive its death-blow in New England.
Heaven grant it be so!—the great scholar must be right; so lead the poor creatures to their death! Do you see that group of children and half-grown girls, and, among them, an old, hag-like Indian woman, Tituba by name? Those are the Afflicted Ones. Behold, at this very instant, a proof of Satan’s power and malice! Mercy Parris, the minister’s daughter, has been smitten by a flash of Martha Carrier’s eye, and falls down in the street, writhing with horrible spasms and foaming at the mouth, like the possessed one spoken of in Scripture. Hurry on the accursed witches to the gallows, ere they do more mischief!—ere they fling out their withered arms, and scatter pestilence by handfuls among the crowd!—ere, as their parting legacy, they cast a blight over the land, so that henceforth it may bear no fruit nor blade of grass, and be fit for nothing but a sepulchre for their unhallowed carcasses! So, on they go; and old George Jacobs has stumbled, by reason of his infirmity; but Goodman Proctor and his wife lean on one another, and walk at a reasonably steady pace, considering their age. Mr. Burroughs seems to administer counsel to Martha Carrier, whose face and mien, methinks, are milder and humbler than they were. Among the multitude, meanwhile, there is horror, fear, and distrust; and friend looks askance at friend, and the husband at his wife, and the wife at him, and even the mother at her little child; as if, in every creature that God has made, they suspected a witch, or dreaded an accuser. Never, never again, whether in this or any other shape, may Universal Madness riot in the Main Street!
I perceive in your eyes, my indulgent spectators, the criticism which you are too kind to utter. These scenes, you think, are all too sombre. So, indeed, they are; but the blame must rest on the sombre spirit of our forefathers, who wove their web of life with hardly a single thread of rose-color or gold, and not on me, who have a tropic-love of sunshine, and would gladly gild all the world with it, if I knew where to find so much. That you may believe me, I will exhibit one of the only class of scenes, so far as my investigation has taught me, in which our ancestors were wont to steep their tough old hearts in wine and strong drink, and indulge an outbreak of grisly jollity.
Here it comes, out of the same house whence we saw brave Captain Gardner go forth to the wars. What! A coffin, borne on men’s shoulders, and six aged gentlemen as pall-bearers, and a long train of mourners, with black gloves and black hat-bands, and everything black, save a white handkerchief in each mourner’s hand, to wipe away his tears withal. Now, my kind patrons, you are angry with me. You were bidden to a bridal-dance, and find yourselves walking in a funeral procession. Even so; but look back through all the social customs of New England, in the first century of her existence, and read all her traits of character; and if you find one occasion, other than a funeral feast, where jollity was sanctioned by universal practice, I will set fire to my puppet-show without another word. These are the obsequies of old Governor Bradstreet, the patriarch and survivor of the first settlers, who, having intermarried with the Widow Gardner, is now resting from his labors, at the great age of ninety-four. The white-bearded corpse, which was his spirit’s earthly garniture, now lies beneath yonder coffin-lid. Many a cask of ale and cider is on tap, and many a draught of spiced wine and aqua-vitæ has been quaffed. Else why should the bearers stagger, as they tremulously uphold the coffin?—and the aged pall-bearers, too, as they strive to walk solemnly beside it?—and wherefore do the mourners tread on one another’s heels?—and why, if we may ask without offence, should the nose of the Rev. Mr. Noyes, through which he has just been delivering the funeral discourse, glow like a ruddy coal of fire? Well, well, old friends! Pass on, with your burden of mortality, And lay it in the tomb with jolly hearts. People should be permitted to enjoy themselves in their own fashion; every man to his taste; but New England must have been a dismal abode for the man of pleasure, when the only boon-companion was Death!
Under cover of a mist that has settled over the scene, a few years flit by, and escape our notice. As the atmosphere becomes transparent, we perceive a decrepit grandsire, hobbling along the street. Do you recognize him? We saw him, first, as the baby in Goodwife Massey’s arms, when the primeval trees were flinging their shadow over Roger Conant’s cabin; we have seen him, as the boy, the youth, the man, bearing his humble part in all the successive scenes, and forming the index-figure whereby to note the age of his coeval town. And here he is, old Goodman Massey, taking his last walk,—often pausing,—often leaning over his staff,—and calling to mind whose dwelling stood at such and such a spot, and whose field or garden occupied the site of those more recent houses. He can render a reason for all the bends and deviations of the thoroughfare, which, in its flexible and plastic infancy, was made to swerve aside from a straight line, in order to visit every settler’s door. The Main Street is still youthful; the coeval man is in his latest age. Soon he will be gone, a patriarch of fourscore, yet shall retain a sort of infantine life in our local history, as the first town-born child.
Behold here a change, wrought in the twinkling of an eye, like an incident in a tale of magic, even while your observation has been fixed upon the scene. The Main Street has vanished out of sight. In its stead appears a wintry waste of snow, with the sun just peeping over it, cold and bright, and tingeing the white expanse with the faintest and most ethereal rose-color. This is the Great Snow of 1717, famous for the mountain-drifts in which it buried the whole country. It would seem as if the street, the growth of which we have noted so attentively, following it from its first phase, as an Indian track, until it reached the dignity of sidewalks, were all at once obliterated, and resolved into a drearier pathlessness than when the forest covered it. The gigantic swells and billows of the snow have swept over each man’s metes and bounds, and annihilated all the visible distinctions of human property. So that now the traces of former times and hitherto accomplished deeds being done away, mankind should be at liberty to enter on new paths, and guide themselves by other laws than heretofore; if, indeed, the race be not extinct, and it be worth our while to go on with the march of life, over the cold and desolate expanse that lies before us. It may be, however, that matters are not so desperate as they appear. That vast icicle, glittering so cheerlessly in the sunshine, must be the spire of the meeting-house, incrusted with frozen sleet. Those great heaps, too, which we mistook for drifts, are houses, buried up to their eaves, and with their peaked roofs rounded by the depth of snow upon them. There, now, comes a gush of smoke from what I judge to be the chimney of the Ship Tavern;—and another—another—and another—from the chimneys of other dwellings, where fireside comfort, domestic peace, the sports of children, and the quietude of age are living yet, in spite of the frozen crust above them.
But it is time to change the scene. Its dreary monotony shall not test your fortitude like one of our actual New England winters, which leaves so large a blank—so melancholy a death-spot—in lives so brief that they ought to be all summer-time. Here, at least, I may claim to be ruler of the seasons. One turn of the crank shall melt away the snow from the Main Street, and show the trees in their full foliage, the rose-bushes in bloom, and a border of green grass along the sidewalk. There! But what! How! The scene will not move. A wire is broken. The street continues buried beneath the snow, and the fate of Herculaneum and Pompeii has its parallel in this catastrophe.
Alas! my kind and gentle audience, you know not the extent of your misfortune. The scenes to come were far better than the past. The street itself would have been more worthy of pictorial exhibition; the deeds of its inhabitants not less so. And how would your interest have deepened, as, passing out of the cold shadow of antiquity, in my long and weary course, I should arrive within the limits of man’s memory, and, leading you at last into the sunshine of the present, should give a reflex of the very life that is flitting past us! Your own beauty, my fair townswomen, would have beamed upon you, out of my scene. Not a gentleman that walks the street but should have beheld his own face and figure, his gait, the peculiar swing of his arm, and the coat that he put on yesterday. Then, too,—and it is what I chiefly regret,—I had expended a vast deal of light and brilliancy on a representation of the street in its whole length, from Buffum’s Corner downward, on the night of the grand illumination for General Taylor’s triumph. Lastly, I should have given the crank one other turn, and have brought out the future, showing you who shall walk the Main Street to-morrow, and, perchance, whose funeral shall pass through it!
But these, like most other human purposes, lie unaccomplished; and I have only further to say, that any lady or gentlemen who may feel dissatisfied with the evening’s entertainment shall receive back the admission fee at the door.
“Then give me mine,” cries the critic, stretching out his palm. “I said that your exhibition would prove a humbug, and so it has turned out. So, hand over my quarter!”"
Shayi'Moto (feat. Seemah & Yanda Woods),"Ayi suka eh (Ayi suka wena man eh)
Bamba lapho wena
Bathini bo?
Ayi
Bathi sebam'bhadalile yena
Ey wena
Ayi suka wena man eh eyi
Yey wena man (Hayi man eh)
Ayi suka wena man eyi man (Hayi hayi hayi hayi)
Ayi suka wena man eyi
Ayi suka man
Yey wena man ayi

Uthini yena
Shayi'moto eh (Shayi'moto wena)
Ayi
Ayayayayaya
Shay' imoto wena eh
Shay' imoto man eh
Yey wena man (Ayi suka man)
Shay' imoto (Shay' imoto)
Shay' imoto (Shay' imoto wena)
Shay' imoto wena (Shay' imoto man)
Shay' imoto (Shay' imoto)
Shay' imoto (Shay' imoto wena)
Shay' imoto wena (Hayi suka man)
Shay' imoto
Bathini bo?
Shay' imoto wena

Shay' imoto hamba nabo (Hayi man)
Thata konke phuma nabo
Sya'baqeda ngithi konke
Shayi'vosho suka wena man
Shayi'moto hamba nabo (Haibo)
Thata konke phuma nabo (Yey wena)
S'yabaqeda ngithi konke
Shayi'vosho suka wеna man (Hayi suka man)
Ufun'kwazi
S'phethe malin' ekasi
Yiso lеskhwama samatariyan
Angithi leskill se jampasi man
Angithi ufun'kwazi
S'phethe malin' ekasi
Yiso leskhwama samatariyan
Angithi leskill se jampasi man

Way' bamba, way' bamba, way' bamba, Way' bamba
Bese yena way'shiya
Angithi way' qub', way' qub', way' qub', way' qubha
Bese wena way'yeka (Ayi suka man)
Ngathi ufuna ukulwisa man
Sek'khala ama bhiya man
Ayi wena ume man
Khal' iscalutho man
Way' bamba, way' bamba, way' bamba, way' bamba
Bese yena way'shiya
Angithi way' qub', way' qub', way' qub', way' qubha
Bese wena way'bekha (Ayi suka man)
Ngathi ufuna ukulwisa man
Sek'khala ama bhiya
Ayi wena ume man (Bathini bo?)
Khal' iscalutho man ayi
Bathini bona?

Ey wena
Ayi suka wena man eh eyi
Yey wena man (Ayi man eh)
Ayi suka wena man eyi man
Ayi suka wena man eyi
Ayi suka man
Yey wena man ayi

Uthini yena
Shay' imoto eh (Shay' imoto wena)
Ayi
Ayayayayaya
Shay' imoto wena
Shay' imoto man eh
Yey wena man (Hayi suka man)
Shay' imoto (Shay' imoto)
Shay' imoto (Shay' imoto wena)
Shay' imoto wena (Shay' imoto man)
Shay' imoto (Shay' imoto)
Shay' imoto (Shay' imoto wena)
Shay' imoto wena (Hayi suka man)
Shay' imoto
Bathini bo?

Shayi'moto wena
Shayi'moto hamba nabo
Thata konke phuma nabo
Sya'baqeda ngithi konke
Shayi'vosho suka wena man
Shayi'moto hamba nabo (Haibo)
Thata konke phuma nabo (Yey wena)
Sya'baqeda ngithi konke
Shayi'vosho suka wena man (Hayi suka man)
Ufun'kwazi
S'phethe malin' ekasi
Yiso leskhwama samatariyan
Angithi leskill se jampasi man
Angithi ufun'kwazi
S'phethe malin' ekasi
Yiso leskhwama samatariyan
Angithi leskill se jampasi man"
Ungangilimazi (feat. Frank Mabeat),
Uvume Kanjani?,
Sdudla or Slender,"Shandesh shandi mama
Ahee, hii ahee
Ankha tseba
Ke sdludla goba ke slender naa
Ape ke nona la letxatxi mmawe yoo
Kere ankha tseba
Ke sdludla goba ke slender naa
Ape ke nona la letxatxi mmawe yoo
Kgwedi yewe ke 30
Ye e tlago ke apara 34
Ye etlago kemo 37
Ya nkgama happiness
Kgwedi yewe ke 30
Ye e tlago ke apara 34
Ye etlago kemo 37
Ya nkgama happiness
Ankha tseba
Ke sdludla goba ke slender naa
Ape ke nona la letxatxi mmawe yoo
Kere ankha tseba
Ke sdludla goba ke slender naa
Ape ke nona la letxatxi mmawe yoo
Ba dlalele meropa shandy mama
Bafe volume shandy mama
Ba dlalele meropa shandy mama
Kare bafe volume shandy mama
Kare ntwenngwe le yenngwe oe diyago
Ya nthakhatxa babe
Ntwenngwe le yenngwe ke diyago
Yao thakhatxa kyao bona
Kare ntwenngwe le yenngwe oe diyago
Ya nthakhatxa my lover
Kare ntwenngwe le yenngwe ke diyago
Yao thakhatxa kyao bona
Banore ke nonne
Ahaa, ahaa
Banore ke nonne bobawe
Ahaa, ahaa
Banore ke nonne
Ahaa, ahaa
Banore ke nonne
Aba tsebe ke khama ke happiness
Ankha tseba
Ke sdludla goba ke slender naa
Ape ke nona la letxatxi mmawe yoo
Kere ankha tseba
Ke sdludla goba ke slender naa
Ape ke nona la letxatxi mmawe yoo
Ba dlalele meropa shandy mama
Bafe volume shandy mama
Ba dlalele meropa shandy mama
Kare bafe volume shandy mama
Kgwedi yewe ke 30
Ye e tlago ke apara 34
Ye etlago kemo 37
Ya nkgama happiness
Kgwedi yewe ke 30
Ye e tlago ke apara 34
Ye etlago kemo 37
Ya nkgama happiness
Ankha tseba
Ke sdludla goba ke slender naa
Ape ke nona la letxatxi mmawe yoo
Kere ankha tseba
Ke sdludla goba ke slender naa
Ape ke nona la letxatxi mmawe yoo
Ba dlalele meropa shandy mama
Bafe volume shandy mama
Ba dlalele meropa shandy mama
Kare bafe volume shandy mama"
Vuma Dlozi Lami (feat. Ancestral Rituals),
Ngisakuthanda,"Zingak' iy'ntsizwa kulendlela
Yokufun' uthando lwangempela
Zingak' iy'ntsizwa kulendlela
Yokufun' uthando lwangempela

Cel' uxolo
Cel' uxolo sthandwa sam'
Cel' uxolo
Cel' uxolo uma ngonile
Cel' uxolo
Cel' uxolo umuntu wami
Ngangingazi ukuthi amaphutha azosibeka lana
Cel' uxolo
Cel' uxolo sthandwa sam'
Cel' uxolo
Cel' uxolo uma ngonile
Cel' uxolo
Cel' uxolo umuntu wami
Ngangingazi ukuthi amaphutha azosibeka lana

Dali kutheni udlala ngam'
Way' estraatini awuzange wabuya
Ngikubone izolo uphuza
Uphuza nabafana abane mali
Dali kutheni udlala ngam'
Way' estraatini awuzange wabuya
Ngikubone izolo uphuza
Uphuza nabafana abane mali

Ngisakuthanda ma
Ngisakuthanda mami
Ngisakuthanda ma
Ngisakuthanda mami
Ngisakuthanda ma
Ngisakuthanda mami
Ngisakuthanda
Ngisakuthanda ma
Ngisakuthanda mami
Ngisakuthanda ma
Ngisakuthanda mami
Ngisakuthanda
Ngisakuthanda mami
Ngisakuthanda ma
Ngisakuthanda mami
Ngisakuthanda ma
Ngisakuthanda mami
Ngisakuthanda ma
Ngisakuthanda
Ngisakuthanda mami
Ngisakuthanda ma
Ngisakuthanda mami
Ngisakuthanda ma
Ngisakuthanda
Ngisakuthanda ma
Ngisakuthanda mami
Ngisakuthanda ma
Ngisakuthanda mami

Cel' uxolo
Cel' uxolo sthandwa sam'
Cel' uxolo
Cel' uxolo uma ngonile
Cel' uxolo
Cel' uxolo umuntu wami
Ngangingazi ukuthi amaphutha azosibeka lana
Cеl' uxolo
Cel' uxolo sthandwa sam'
Cel' uxolo
Cel' uxolo uma ngonilе
Cel' uxolo
Cel' uxolo umuntu wami
Ngangingazi ukuthi amaphutha azosibeka lana

Dali kutheni udlala ngam' (Cel' uxolo sthandwa sam')
Way' estraatini awuzange wabuya (Cel' uxolo uma ngonile)
Ngikubone izolo uphuza (Cel' uxolo umuntu wami)
Uphuza nabafana abane mali (Cel' uxolo uma ngonile)
Dali kutheni udlala ngam' (Cel' uxolo sthandwa sam')
Way' estraatini awuzange wabuya (Cel' uxolo uma ngonile)
Ngikubone izolo uphuza (Cel' uxolo umuntu wami)
(Ngangingazi ukuthi amaphutha azosibeka lana)
(Ngangingazi ukuthi amaphutha azosibeka lana)

Ngisakuthanda ma
Ngisakuthanda mami
Ngisakuthanda ma
Ngisakuthanda mami
Ngisakuthanda ma
Ngisakuthanda mami
Ngisakuthanda
Ngisakuthanda ma
Ngisakuthanda mami
Ngisakuthanda ma
Ngisakuthanda mami
Ngisakuthanda
Ngisakuthanda mami
Ngisakuthanda ma
Ngisakuthanda mami
Ngisakuthanda ma
Ngisakuthanda mami
Ngisakuthanda ma
Ngisakuthanda
Ngisakuthanda mami
Ngisakuthanda ma
Ngisakuthanda mami
Ngisakuthanda ma
Ngisakuthanda
Ngisakuthanda ma
Ngisakuthanda mami
Ngisakuthanda ma
Ngisakuthanda mami"
"Ngibolekeni (feat. Seun1401, LeeMcKrazy, Blxckie, Pcee, Madumane & Kabelo Sings)",
Vuka (feat. Thukuthela),"Ah, konakele mpintshi konakele
Konakele mpintshi konakele
Konakele mpintshi konakele
Konakele mpintshi konakele
Ah, konakele mpintshi konakele
Konakele mpintshi konakele
Konakele mpintshi konakele
Konakele mpintshi konakele

Vuka vuka baba, sebenzela khona
Sibe sishona khona
Zula zula baba, ukhalel' engakhoyo
Sibe sishona khona
Vuka vuka baba, sebenzela khona
Sibe sishona khona
Zula zula baba, ukhalel' engakhoyo
Sibe sishona khona
Aw vuka vuka baba, sebenzela khona
Sibe sishona khona
Aw zula zula baba, ukhalel' engakhoyo
Sibe sishona khona
Aw vuka vuka baba, sebenzela khona
Sibe sishona khona
Aw zula zula baba, ukhalel' engakhoyo
Sibe sishona khona

Sebenzela khona
Aw sebenzela khona
Sebenzela khona
Aw sebenzela khona
Sebenzela khona
Aw sebenzela khona
Sebenzela khona
Aw sebenzela khona

Konakele mpintshi konakele
Konakele mpintshi konakele
Konakele mpintshi konakele
Konakele mpintshi konakele
Konakele (konakele mpintshi konakele)
Konakele (konakele mpintshi konakele)
Konakele (konakele mpintshi konakele)
Konakele (konakele mpintshi konakele)

Vuka vuka baba, sebenzela khona
Sibe sishona khona
Aw'zula zula baba, ukhalel' engakhoyo
Sibe sishona khona
Aw'vuka vuka baba, sebenzela khona
Sibe sishona khona
Aw'zula zula baba, ukhalel' engakhoyo
Sibe sishona khona

Sebenzela khona
Sebenzela khona
Sebenzela khona
Sebenzela khona
Sebenzela khona
Sebenzela khona
Sebenzela khona
Sebenzela khona"
Uyaphapha Marn (feat. Scotts Maphuma & Kabelo Sings),
Wayengenalutho,
Sohlala Sisonke,"Singawela ngaphesheya
Ngik'thinte kancane bese ng'yak'yeka
Asizame phela ng'yak'cela
Ng'zok‘ ncinza kancane soze ngak'qeda

Asihlale ndawonye
Basbuke baskope
Asoze basmele sohla sisonke
Sihlale ndawonye
Basbuke baskope
Asoze basmele sohla sisonke

Singawela ngaphesheya
Ngik'thinte kancane bese ng'yak'yeka
Asizame phela ng'yak'cela
Ng'zok‘ ncinza kancane sozе ngak'qeda

Asihlale ndawonye
Basbukе baskope
Asoze basmele sohla sisonke
Sihlale ndawonye
Basbuke baskope
Asoze basmele sohla sisonke

Singawela ngaphesheya
Ngik'thinte kancane bese ng'yak'yeka
Asizame phela ng'yak'cela
Ng'zok‘ ncinza kancane soze ngak'qeda

Asihlale ndawonye
Basbuke baskope
Asoze basmele sohla sisonke
Sihlale ndawonye
Basbuke baskope
Asoze basmele sohla sisonke

Singawela ngaphesheya
Ngik'thinte kancane bese ng'yak'yeka
Asizame phela ng'yak'cela
Ng'zok‘ ncinza kancane soze ngak'qeda

Asihlale ndawonye
Basbuke baskope
Asoze basmele sohla sisonke
Sihlale ndawonye
Basbuke baskope
Asoze basmele sohla sisonke

(Dlala Thukzin)
Sihlale ndawonye, Sihlale ndawonye
Sihlale ndawonye, Sihlale ndawonye
Sihlale ndawonye, Sihlale ndawonye
Sihlale ndawonye, Sihlale ndawonye

Singawela ngaphesheya
Ngik'thinte kancane bese ng'yak'yeka
Asizame phela ng'yak'cela
Ng'zok‘ ncinza kancane soze ngak'qeda

Asihlale ndawonye
Basbuke baskope
Asoze basmele sohla sisonke
Sihlale ndawonye
Basbuke baskope
Asoze basmele sohla sisonke
Asihlale ndawonye
Basbuke baskope
Asoze basmele sohla sisonke
Sihlale ndawonye
Basbuke baskope
Asoze basmele sohla sisonke

Sihlale"
Bo Gogo (feat. Tracy & Thatohatsi),
HAUSAPIANO - Remix,
"Biri Marung (feat. Sje Konka, Focalistic, DJ Maphorisa, Scotts Maphuma & CowBoii)","19th Metro FM Music Awards: Crowning Greatness
The 2025 Metro FM Music Awards marked the 19th annual edition of one of South Africas biggest celebrations of music, culture and Black excellence.
Broadcasted live on SABC 1 on 3 May 2025, the ceremony returned to Mbombela Stadium in Mpumalanga under the theme ""Crowning Greatness"" — a concept centered around honouring artists shaping South Africa's cultural identity while celebrating the country's growing musical legacy on a global stage.
Holding it down on hosting duties were media personalities Siyabonga Ngwekazi and LootLove, whose chemistry and high-energy presentation helped carry the night’s atmosphere from start to finish.
Coming into the awards, amapiano once again dominated the conversation, with Kabza De Small, DJ Maphorisa and Scotts Maphuma leading the nominations with four nods each. Hip-hop heavyweights Kwesta and Cassper Nyovest, alongside iNkabi Nation leader Sjava, followed closely behind with multiple nominations of their own.
By the end of the night, Bassie alongside M-Touch, Ranger, Amaza, TMan Xpress and LeemcKrazy emerged among the biggest winners through the success of ""Kwelanga 2.0"", while Makhadzi secured one of the ceremony’s biggest honours by taking Artist of the Year.
The event once again proved how diverse South African music has become, with amapiano, gospel, hip-hop, Afro-pop, jazz and dance all receiving major recognition across the night. ()Nominees (
Winners in bold
): Song of the Year:WOODBLOCK DJS, Cassper Nyovest, Kwesta, Buzzi Lee, Kane Keid, Tony Dayimane, Mvelost, Set Off & Somololo – ""Skuta Baba Remix""
 ↗
Bassie, M-Touch, Ranger & Amaza – ""Kwelanga 2.0"" ft. TMan Xpress & LeemcKrazy
Felo Le Tee, Scotts Maphuma, ThabzaTee, DJ Maphorisa & Djy Biza – ""Yebo Lapho (Gogo)""
Shakes & Les, LeeMcKrazy – ""Funk 99""
Kabza De Small, Vigro Deep, Scotts Maphuma & Young Stunna – ""Wishi Wishi""
Mr Pilato, Ego Slimflow, Tebogo G Mashego ft. Sje Konka x Focalistic, Dj Maphorisa x Scotts Maphuma x CowBoii	 – ""BIRI MARUNG""
Caiiro ft Ami Faku – ""Ndisize""
Makhadzi, Prince Benza, Iyanya – ""Number 1""
Blaq Major, Bless The Gentleman, Dj Kap – "" Sdakiwe Sbali""
KMAT, CowBoii, djygubzin.live & Ranger – ""MKK""Artist of the Year:Makhadzi
Kabza De Small
Kelvin Momo
MÖRDA
Tyler ICUBest Amapiano:Bassie, M-Touch, Ranger, Amaza & TMan Xpress, LeemcKrazy – ""Kwelanga 2.0""
 ↗
Mr Pilato, Ego Slimflow, Tebogo G Mashego, Sje Konka, Felo Le Tee, Scotts Maphuma, ThabzaTee & DJ Maphorisa, Djy Biza – ""Yebo Lapho (Gogo)""
Dj Stokie, Zee_nhle, Sobzeen, Faith String – ""Selimathunzi""
Focalistic, Dj Maphorisa, Scotts Maphuma, CowBoii	 – ""Biri Marung""
Blaq Major, Bless the General, Dj Kap – ""Sdakiwe Sbali""Best Hip-Hop:SkhandaWorld, K.O & Nasty C – ""Too Much""
 ↗
 Emtee – ""WAR""
K.O & Maglera Doe Boy – ""Let Me Cook""
Usimamane & Sjava – ""Uvalo""
Tony Dayimane, Usimamane, Kwesta & Yanga Chief	– ""Wishlist""Best Male:Usimamane
Dlala Thukzin
Kelvin Momo
Tyler ICU
Kabza de SmallBest Female:Xolly Mncwango
Makhadzi
DBN Gogo
Nontokozo Mkhize
Babalwa MBest Music Video:Bassie, M-Touch, Ranger, Amaza & TMan Xpress, LeemcKrazy – ""Kwelanga 2.0""
 ↗
Usimamane & Sjava	 – ""Uvalo""
CAIIRO, Ami Faku – ""Ndisize""
WOODBLOCK DJS – ""Skuta Baba Remix""
Mr Pilato, Ego Slimflow, Tebogo G Mashego & Sje Konka, Focalistic, Dj Maphorisa, Scotts Maphuma, CowBoii – ""Biri MarungBest Viral Challenge:WOODBLOCK DJS – ""Skuta Baba Remix""
 ↗
Mr Pilato, Ego Slimflow, Tebogo G Mashego & Sje Konka, Focalistic, Dj Maphorisa, Scotts Maphuma, CowBoii – ""Biri Marung""
Kabza De Small, Vigro Deep, Scotts Maphuma & Young Stunna – ""Wishi Wishi""
Felo Le Tee, Scotts Maphuma & ThabzaTee feat. DJ Maphorisa & Djy Biza – Yebo Lapho (Gogo) """"
KMAT, CowBoii, djygubzin.live & Ranger – ""MKK""Best Collaboration:Bassie, M-Touch, Ranger & Amaza – ""Kwelanga 2.0"" ft. TMan Xpress & LeemcKrazy
 ↗
Mawelele & Kwesta – ""All My Life""
Naledi Aphiwe & Mawelele – ""Romeo & Juliet""
SkhandaWorld, K.O & Nasty C – ""Too Much""
WOODBLOCK DJS – ""Skuta Baba Remix""Best Produced Album:Emtee – DIY 3
Nontokozo Mkhize – Lindiwe
Dlala Thukzin – ""Finally Famous Too""
Kelvin Momo – ""Ntsako""
Thandiswa Mazwai – ""Sankofa""Best Gospel Album:Xolly Mncwango – Unusual
Nontokozo Mkhize – ""Lindiwe ""
 SbuNoah	– ""Heavenly Psalms Level 2""
 Ayanda Ntanzi – ""According to Grace, A One Man Show""
Mmuso Worship – ""Jesus to the city V2""Best Jazz Album:Linda Sikhakhane – iLadi
Nduduzo Makhathini – ""uNomkhubulwane""
Thandiswa Mazwai – ""Sankofa""
Nomfundo Xaluva – ""Ndilapha""
Sydney Mavundla – ""Dirge for our fathers""Best New Artist:Neo Dube
Mawelele
Naledi Aphiwe
LeemcKrazy
Kane KeidBest Duo/Group:Blaq Diamond
Wanitwa mos & Nkosazana Daughter
Black Motion
Shakes & Les
Artwork SoundsBest Dance:Chronical Deep, Lah'Vee, Kabza De Small ft. Latique & Ezra – ""Hayi Baba""
Dlala Thukzin, Zeh McGeba, MK Productions – ""Sohlala Sisonke""
Oscar Mbo,Jazzworx & Thukuthela – ""Vuka""
CAIIRO, Ami Faku – ""Ndisize""
Casswell P & Nobuhle – ""Can't Get""Best Kwaito/Gqom:Mr Thela, Beast RSA, Mthandazo Gatya & Zanda Zakuza – ""Ekhaya""
Funky Qla, Argento Dust, Maline Aura – ""Utshwala""
Goldmax, Dlala Thukzin, Funky Qla, Zee Nxumalo & Beast RSA – ""FOMO""
DJ Tira,AmaTycooler, Big Nuz & Focus Magazi – ""Singenzenjani""
Goldmax & Blacks Jnr, Leemckrazy – ""Ama Weekend""Best Afro Pop:Naledi Aphiwe & Mawelele – ""Romeo & Juliet""
Sjava, The Qwellers & Sastii, LaCabra, Lowfeye & Blue Papi – ""Typhoon""
Nomfundo Moh, Msaki, Cassper Nyovest – ""Umusa""
Blaq Diamond – ""Piki Piki ""
Mlindo The Vocalist, Dj Maphorisa , Tman xpress, Phila Dlozi – ""Umdali""Best R&B:Mawelele, Kwesta – ""All My Life""
Elaine – ""Love Me Slowly""
Shekhinah, Moliy – ""Risk""
Langa Mavuso – ""Best Friend (Control)""
Nanette, Tellaman, Nasty C – ""Tonight""Best Styled:MÖRDA
DBN Gogo
MaWhoo
Oscar Mbo
Focalistic"
"UYAH! (feat. 2wo Bunnies, Jay Music, & Imbongi Yosizi)",
Vulani (feat. Thatohatsi & Tracy),
Skuta Baba - Remix,"Shifta baba
Ufunan'?
(Asambe)

Yebo baba
Yebo baba (Asambe)
Yebo baba (Asambe)
Yebo baba (Ishu)
Jesu u-buttter
Kakaramba (Oh), ingagara (Heh bathini?)
Shandaraba, shifter baba (Ishu)
Mntanase khaya (Asambe), inja baba (Asambe)
Yebo baba
Yebo baba (Asambe)
Yebo baba
Yebo baba

Se re fehile ndade
Ba startile
Ke bo Don Billiato ware tseba
Ska rasa wa e senya! (Ska rasa man)

Ngena lapho uthi hey
Ore-ore ah
Uthi ghu
Uthi ayy
I never change, this is Cass everyday
Ntwana sa ba tshaba, etsa fela ska ba safe (Operate, operate, operate)
Oh yes mabebeza, oh yes (Oh yes)
Billiato on the rocks no dash (No dash)
No stress sa banyana, no ex
Ke ba gana ke extra banana, oh yes (Oh yes)
Yebo baba
Yebo baba (Yebo)
Mabebeza? Yellow baba
E Cubana, Cappello baba
Ke tsa mang? Ke tsa felo baba
Sharp sharp ke mrapper mara ka sghubu ke mnate bang tseba (Bang tseba)
Ka seka wang mpolela sepe
Ke kgale le palela ole le ole ba kopane ba re bang wesa
O tla taka wena (O tla shwa)
O skang katamela (Otla taka)
C-A Double S wa ma pantsula o phethi sghubu sa matarven

Lent' ithinta bazali
Ibavusela amabhadi
Umkhulu udukelwe imbantsi angithi ziwa ka Joe (Angithi ziwa ka Joe)
Ongagcwali k'shukuthi uzelwe ne bhadi
Unkulunkulu akasbhayi akasabali ne zono (Akasabali ne zono)
Sikwa Joe nabo osikhambo (Nabo osikhambo)
Sikwa Joe nabo osikhambo (Sikwa Joe)
Sikwa Joe nabo osikhambo (Sikwa Joe)
Sikwa Joe

Heita holla
Phephisa, pasopa
Le skippa siya costa
Le drip iLacoste
Masifika siyamosha
Asiphiki siya’toura
Mambisa to Sotra
Awufike uzobona (Hewena)
Dankie San
Transi phantsi
Tras li phansti
Bambi ibatshi
Take your mami mawusespani
Herekopane, ho monate, yah
Ngiyaba hlukumeza, ngiyaba sukumisa
Ngyaba shukumise, inamba iyaba julukisa
Ngyaba khulumisa
Untwana starting doing this
Eish, ebathi untwana started doing this
Aii suka
K’dala ngay’susa (K’dala ngay’susa)
Ngimdala ngiyakhula
Babhala ng’yasula
Waphapha sam’susa
Heh, engithi umdala, uzokhuzwa

Yebo baba (Asambe)
Jesu u-buttter
Kakaramba (Asambe), ingagara
Shandaraba, shifter baba
Mntanase khaya, inja baba (Asambe)
Yebo baba
Skuta baba
Yebo baba
Skuta baba
Yebo baba
Skuta baba
Yebo baba
Skuta baba
Yebo baba
Skuta baba
Yebo baba
Skuta baba
Yebo baba
Skuta baba
Yebo baba

On and on, lokhu ngfaku moya
Transi ihleli phansi
Phole no Beyoncé
Geze ngaba muhle ngi rock'i bhadu yema OLLA (Sho)
Knini ngzozwa kodwa sidli carry on
Banomona, walalala (Walalala)
Banomona intombi zabo zingfuna la
Bathi banemali umswenko wabo uthi banamanga (Banamanga)
Ngihleli negenge sishayelu uthanana
Ngiphethi shandapha (Hola)
Lokhi lingthinta la
Bakhuluma ngami angazi wara wara
Ase trap tse ke pina tsa ko kasi
Sonke sfuni mali
Sonke sfuni idladla, umndeni uphili impilo e-blind
Njani nama angazi
Nkulunkulu uyazi
Shayi ingoma sidli imali yami uwaya waya

Ejoh ba ba bora
Sa makala (Sho)
E bae lahla for mahala
Baba ngicela amavuso ko ira manala
Ene ko shapa stiletto, ngizom' gwaza
Gaula nama
Siya thandaza (Amen)
Our father (Hallelujah)
Thula nana
O sang khenya ngiyak' khuza baba (Haibo)
Ene ko reila soos scooter baba (Sho)
Oh khululeka ngiyakuzwa mama
Athi uyang' thanda, aka fun' sibe ne drama
Sidlu phutu, phuz' ubiya naba shana
Skuta mama, yebo baba shayi namba

Heita hola, sharp kunjani?
Nawe uyabona, must ujaive
Nkosi yombhalo, mafoko a mme
Nkosi eKwaito, Mafokate
Gun dubula, sgubhu khahlela
Ubusantu santu, umazenzela
Haibo lavhi, bathi utswempu
Int' esingayazi, ijikhwebu
Backward never, forward ever
Sihleli noEva for whatever
Phansi ngedolo
Yini uyasaba? Awung'tsheli loko
Asina beef, asifani nabo
Sidla imfini ne avocado
Ola mpintshi, hoyi lapho
Mozambique, Obrigado
Ngivaya noReece kusha iKwaito
Ngapha uReece rhyme umlahlo
Dankie Zola, Yizo Yizo
Inkosi iyabongwa, ngasho angisho?
Manizwanga, mazingawanga
Anina culture, zwap i-fake
Ngiqala ukujaiva ngangi ngaka
Ngaba ngaka, Double H
Dankie Trompies, Jakarumba
Groot Eugene, Mjokes, Mahoota
Nomnikazi walentsimbi, Spikiyiki, uSpikiri
Asibebhizi, nawu uswidi
TKZee Halloween
Ndozilingi, Nkalakatha
No ceiling, rise above it
Gotta Love it
Haibo woah
Nakanjani
Dankie Pro
You gotta love it, nakanjani

Yebo baba
Skuta baba
Yebo baba
Skuta baba
Yebo baba
Skuta baba
Yebo baba
Skuta baba
Yebo baba
Skuta baba
Yebo baba
Skuta baba
Yebo baba
Skuta baba
Yebo baba
Skuta baba
Yebo baba
Skuta baba
Yebo baba
Skuta baba
Yebo baba
Skuta baba
Yebo baba
Skuta baba"
"ZENZELE (feat. Royal MusiQ, Uncool MC, Xduppy, & CowBoii)",
Wishi Wishi (feat. Scotts Maphuma & Young Stunna),"19th Metro FM Music Awards: Crowning Greatness
The 2025 Metro FM Music Awards marked the 19th annual edition of one of South Africas biggest celebrations of music, culture and Black excellence.
Broadcasted live on SABC 1 on 3 May 2025, the ceremony returned to Mbombela Stadium in Mpumalanga under the theme ""Crowning Greatness"" — a concept centered around honouring artists shaping South Africa's cultural identity while celebrating the country's growing musical legacy on a global stage.
Holding it down on hosting duties were media personalities Siyabonga Ngwekazi and LootLove, whose chemistry and high-energy presentation helped carry the night’s atmosphere from start to finish.
Coming into the awards, amapiano once again dominated the conversation, with Kabza De Small, DJ Maphorisa and Scotts Maphuma leading the nominations with four nods each. Hip-hop heavyweights Kwesta and Cassper Nyovest, alongside iNkabi Nation leader Sjava, followed closely behind with multiple nominations of their own.
By the end of the night, Bassie alongside M-Touch, Ranger, Amaza, TMan Xpress and LeemcKrazy emerged among the biggest winners through the success of ""Kwelanga 2.0"", while Makhadzi secured one of the ceremony’s biggest honours by taking Artist of the Year.
The event once again proved how diverse South African music has become, with amapiano, gospel, hip-hop, Afro-pop, jazz and dance all receiving major recognition across the night. ()Nominees (
Winners in bold
): Song of the Year:WOODBLOCK DJS, Cassper Nyovest, Kwesta, Buzzi Lee, Kane Keid, Tony Dayimane, Mvelost, Set Off & Somololo – ""Skuta Baba Remix""
 ↗
Bassie, M-Touch, Ranger & Amaza – ""Kwelanga 2.0"" ft. TMan Xpress & LeemcKrazy
Felo Le Tee, Scotts Maphuma, ThabzaTee, DJ Maphorisa & Djy Biza – ""Yebo Lapho (Gogo)""
Shakes & Les, LeeMcKrazy – ""Funk 99""
Kabza De Small, Vigro Deep, Scotts Maphuma & Young Stunna – ""Wishi Wishi""
Mr Pilato, Ego Slimflow, Tebogo G Mashego ft. Sje Konka x Focalistic, Dj Maphorisa x Scotts Maphuma x CowBoii	 – ""BIRI MARUNG""
Caiiro ft Ami Faku – ""Ndisize""
Makhadzi, Prince Benza, Iyanya – ""Number 1""
Blaq Major, Bless The Gentleman, Dj Kap – "" Sdakiwe Sbali""
KMAT, CowBoii, djygubzin.live & Ranger – ""MKK""Artist of the Year:Makhadzi
Kabza De Small
Kelvin Momo
MÖRDA
Tyler ICUBest Amapiano:Bassie, M-Touch, Ranger, Amaza & TMan Xpress, LeemcKrazy – ""Kwelanga 2.0""
 ↗
Mr Pilato, Ego Slimflow, Tebogo G Mashego, Sje Konka, Felo Le Tee, Scotts Maphuma, ThabzaTee & DJ Maphorisa, Djy Biza – ""Yebo Lapho (Gogo)""
Dj Stokie, Zee_nhle, Sobzeen, Faith String – ""Selimathunzi""
Focalistic, Dj Maphorisa, Scotts Maphuma, CowBoii	 – ""Biri Marung""
Blaq Major, Bless the General, Dj Kap – ""Sdakiwe Sbali""Best Hip-Hop:SkhandaWorld, K.O & Nasty C – ""Too Much""
 ↗
 Emtee – ""WAR""
K.O & Maglera Doe Boy – ""Let Me Cook""
Usimamane & Sjava – ""Uvalo""
Tony Dayimane, Usimamane, Kwesta & Yanga Chief	– ""Wishlist""Best Male:Usimamane
Dlala Thukzin
Kelvin Momo
Tyler ICU
Kabza de SmallBest Female:Xolly Mncwango
Makhadzi
DBN Gogo
Nontokozo Mkhize
Babalwa MBest Music Video:Bassie, M-Touch, Ranger, Amaza & TMan Xpress, LeemcKrazy – ""Kwelanga 2.0""
 ↗
Usimamane & Sjava	 – ""Uvalo""
CAIIRO, Ami Faku – ""Ndisize""
WOODBLOCK DJS – ""Skuta Baba Remix""
Mr Pilato, Ego Slimflow, Tebogo G Mashego & Sje Konka, Focalistic, Dj Maphorisa, Scotts Maphuma, CowBoii – ""Biri MarungBest Viral Challenge:WOODBLOCK DJS – ""Skuta Baba Remix""
 ↗
Mr Pilato, Ego Slimflow, Tebogo G Mashego & Sje Konka, Focalistic, Dj Maphorisa, Scotts Maphuma, CowBoii – ""Biri Marung""
Kabza De Small, Vigro Deep, Scotts Maphuma & Young Stunna – ""Wishi Wishi""
Felo Le Tee, Scotts Maphuma & ThabzaTee feat. DJ Maphorisa & Djy Biza – Yebo Lapho (Gogo) """"
KMAT, CowBoii, djygubzin.live & Ranger – ""MKK""Best Collaboration:Bassie, M-Touch, Ranger & Amaza – ""Kwelanga 2.0"" ft. TMan Xpress & LeemcKrazy
 ↗
Mawelele & Kwesta – ""All My Life""
Naledi Aphiwe & Mawelele – ""Romeo & Juliet""
SkhandaWorld, K.O & Nasty C – ""Too Much""
WOODBLOCK DJS – ""Skuta Baba Remix""Best Produced Album:Emtee – DIY 3
Nontokozo Mkhize – Lindiwe
Dlala Thukzin – ""Finally Famous Too""
Kelvin Momo – ""Ntsako""
Thandiswa Mazwai – ""Sankofa""Best Gospel Album:Xolly Mncwango – Unusual
Nontokozo Mkhize – ""Lindiwe ""
 SbuNoah	– ""Heavenly Psalms Level 2""
 Ayanda Ntanzi – ""According to Grace, A One Man Show""
Mmuso Worship – ""Jesus to the city V2""Best Jazz Album:Linda Sikhakhane – iLadi
Nduduzo Makhathini – ""uNomkhubulwane""
Thandiswa Mazwai – ""Sankofa""
Nomfundo Xaluva – ""Ndilapha""
Sydney Mavundla – ""Dirge for our fathers""Best New Artist:Neo Dube
Mawelele
Naledi Aphiwe
LeemcKrazy
Kane KeidBest Duo/Group:Blaq Diamond
Wanitwa mos & Nkosazana Daughter
Black Motion
Shakes & Les
Artwork SoundsBest Dance:Chronical Deep, Lah'Vee, Kabza De Small ft. Latique & Ezra – ""Hayi Baba""
Dlala Thukzin, Zeh McGeba, MK Productions – ""Sohlala Sisonke""
Oscar Mbo,Jazzworx & Thukuthela – ""Vuka""
CAIIRO, Ami Faku – ""Ndisize""
Casswell P & Nobuhle – ""Can't Get""Best Kwaito/Gqom:Mr Thela, Beast RSA, Mthandazo Gatya & Zanda Zakuza – ""Ekhaya""
Funky Qla, Argento Dust, Maline Aura – ""Utshwala""
Goldmax, Dlala Thukzin, Funky Qla, Zee Nxumalo & Beast RSA – ""FOMO""
DJ Tira,AmaTycooler, Big Nuz & Focus Magazi – ""Singenzenjani""
Goldmax & Blacks Jnr, Leemckrazy – ""Ama Weekend""Best Afro Pop:Naledi Aphiwe & Mawelele – ""Romeo & Juliet""
Sjava, The Qwellers & Sastii, LaCabra, Lowfeye & Blue Papi – ""Typhoon""
Nomfundo Moh, Msaki, Cassper Nyovest – ""Umusa""
Blaq Diamond – ""Piki Piki ""
Mlindo The Vocalist, Dj Maphorisa , Tman xpress, Phila Dlozi – ""Umdali""Best R&B:Mawelele, Kwesta – ""All My Life""
Elaine – ""Love Me Slowly""
Shekhinah, Moliy – ""Risk""
Langa Mavuso – ""Best Friend (Control)""
Nanette, Tellaman, Nasty C – ""Tonight""Best Styled:MÖRDA
DBN Gogo
MaWhoo
Oscar Mbo
Focalistic"
Ama Gear,"Aaai maan
Ulala, ulala, ulala, uleleleni?
Wahlalu, hlalu, hlal'uleleni?
I-party imnandi kangaka

Zee mabhodlela
Simnandi nje so
Mangifun'ibhodlela
Ngicel'ubenami
Nix mabhodlela
Asambe le eh
Asambe sonke
Lento ngeyethu
Zee mabhodlela
Simnandi nje so
Mangifun'ibhodlela
Ngicel'ubenami
Nix mabhodlela
Asambe le
Asambe sonke
Lento ngeyethu

Mama shiya, shiya, shiya, shiya, shiya
Namhlanje ang'shintshi
Ang'shintshi, ang'shintshi, ang'shintshi, ang'shintshi
Aaah
Shintsh' ama-gear
Namhlanje sizogiya
Bathi iParty ya mandiya
Ye-ye-ye yeah
K'shitsha, k'shintsha ama-gear
Namhlanje mama thina sizowagiya
Aaah
Shintsh' ama-gear
Namhlanje sizogiya
Bathi iParty ya mandiya
Ye-ye-ye yeah

Aaai maan
Ulala, ulala, ulala, uleleleni?
Wahlalu, hlalu, hlal'uleleni?
I-party imnandi kangaka
Lelelelelela

Zee mabhodlela
Simnandi nje so
Mangifun 'ibhodlela
Ngicel'ubenami
Nix mabhodlela
Asambe le
Asambe sonke
Lento ngeyethu
Zee mabhodlela
Simnandi nje so
Mangifun 'ibhodlela
Ngicel'ubenami
Nix mabhodlela
Asambe le eh
Asambe sonke
Lento ngeyethu
(Dlala FunkyQLA, Dlala Thukzin)

Mama shiya, shiya, shiya, shiya, shiya
Namhlanje ang'shintshi
Ang'shintshi, ang'shintshi, ang'shintshi, ang'shintshi
Aaah
Shintsh' ama-gear
Namhlanje sizogiya
Bathi iParty ya mandiya
Ye-ye-ye yeah
K'shitsha, k'shintsha ama-gear
Namhlanje mama think sizogiya
Aaah
Shintsh' ama-gear
Namhlanje sizogiya
Bathi iParty ya mandiya
Ye-ye-ye yeah"
"Kabza Chant (feat. Young Stunna, Nkosazana Daughter, Mthunzi, Nokwazi, Anzo, Mashudu, Murumba Pitch & Tman Xpress)","Ngom’khonto, Ngom’khonto, Ngom’khonto
Ngom’khonto, Ngom’khonto, Ngom’khonto
Ngom’khonto, Ngom’khonto

Yena akavunywe
Kwafika yena, kwashintsha iGame yom’culo
Wom’hlaba wonke
Ayi, wonke
Yena abavume
Hlonishwa kabili lensizwa
Hlonishwa kabili
Yabhodla inkosi yom’culo (Yebo)
Ingweny' yomdantso
Yabhodla inkosi yom’culo (Yebo)
Hayi bajabula abalaleli
Zadilika iy’bongo zenkosi uBra Small
Haibooh! Kwabhodla inkosi yom’culo
Kwaphola izizwe, izizwe bo!
Hayi bajabula abalaleli
Zadilika iy’bongo zenkosi uBra Small
Haibooh! Kwabhodla inkosi yom’culo
Kwaphola izizwe, izizwe bo!
Hayi bajabula abalaleli (Ngom’khonto)
Zadilika iy’bongo zenkosi uKa Small (Ngom’khonto)
Haibooh! Kwabhodla inkosi yom’culo (Ngom’khonto)
Kwaphola izizwe, izizwe bo! (Ngom’khonto)

Khuphuka Small (Ngom’khonto)
Khuphuka Kabza De Small, khuphuka mfo kamkhulu
Khuphuka Small (Ngom’khonto)

Sebekhala ngo Kabza De Small, eMzansi Africa (Ngom’khonto, Ngom’khonto, Ngom’khonto)
Woh, eMzansi Africa
Sebekhala ngo Kabza De Small, eMzansi Africa
(Ngom’khonto, Ngom’khonto, Ngom’khonto)
Hawu wakokota
Sebekhala ngo Kabza De Small, eMzansi Africa
(Ngom’khonto, Ngom’khonto, Ngom’khonto)
Khuphuka small, khuphuka kabza
Sebekhala ngo Kabza De Small, eMzansi Africa
(Ngom’khonto, Ngom’khonto, Ngom’khonto)
Woh, еmzansi Africa
Sebekhala ngo Kabza De Small, еMzansi Africa
(Ngom’khonto, Ngom’khonto, Ngom’khonto)
Woh ayi,e-Africa yonke
Sebekhala ngo Kabza De Small, eMzansi Africa
(Ngom’khonto, Ngom’khonto, Ngom’khonto)
Woh umhlaba wonke
Sebekhala ngo Kabza De Small, eMzansi Africa
(Ngom’khonto, Ngom’khonto, Ngom’khonto)
Khuphuka khuphuka
Sebekhala ngo Kabza De Small, eMzansi Africa
(Ngom’khonto, Ngom’khonto, Ngom’khonto)
Woh umhlaba wonke
Sebekhala ngo Kabza De Small, eMzansi Africa
(Ngom’khonto, Ngom’khonto, Ngom’khonto)
EMzansi Africa
Sebekhala ngo Kabza De Small, eMzansi Africa
(Ngom’khonto, Ngom’khonto, Ngom’khonto)
Khuphuka Small
Sebekhala ngo Kabza De Small, eMzansi Africa
(Ngom’khonto, Ngom’khonto, Ngom’khonto)
Khuphuka Kabza De Small, khuphuka mfo kamkhulu
Sebekhala ngo Kabza De Small, eMzansi Africa
(Ngom’khonto, Ngom’khonto, Ngom’khonto)

Ngo kabza De Small
EMzansi Africa Kabza De Small
Iy’bongo zenkosi ubra Small
Hmmm!
Kabza De Small eMzansi Africa
Izizwe
Sebekhala– De Small
Khuphuka Small
Longozi, oh Kabza De eMzansi’ Ah
Hmmm!
Khuphuka Kabza De Small, khuphuka mfo kamkhulu
Oh Kabza De Small eMzansi ‘Ah (ayi)
Uyamazi uMsholozi mama eh
Saba’um’egena k’yamoshakala
Ngay’bonela ng’yafakaza nam’
Hmmm
Msholozi mama!
Bathi lomfo’kazi wenza ngani
Kutheni abantu besangana ngaye?
Usazo busiswa lo
Heh unothando lo
Unobubele lo
Bath’ukhethiwe lo
Usazo busiswa lo
Heh unothando lo
Unobubele lo
Bath’ukhethiwe lo
Usazo busiswa lo
Bathi’s’balande ngom’khonto
S’ke sidl’elikapondo
Impil’ibe ncono
Iy’nhliziyo zibe mhlophe
S’balande ngom’khonto
S’ke sidl’elikapondo
Impil’ibe ncono
Iy’nhliziyo zibe mhlophe

Uyinkosi,munikeni is’hlalo sob’khosi
Abanye bam’biza umsholozi
Maye! Uyingozi
Uyinkosi, munikeni is’hlalo sob’khosi
Abanye bam’biza umsholozi
Maye! Uyingozi
Ziyawa iy’ndonga ze Jericho
Ziyawa,ziwiswa ngu Kabza De Small
Uyinkosi, munikeni is’hlalo sob’khosi
Abanye bam’biza umsholozi
Maye! Uyingozi
Uyinkosi, munikeni is’hlalo sob’khosi
Abanye bam’biza umsholozi
Maye! Uyingozi
Ziyawa iy’ndonga ze Jericho
Ziyawa,ziwiswa ngu Kabza De Small

Sebekhala ngo Kabza De Small, eMzansi Africa
Woh, eMzansi Africa
Sebekhala ngo Kabza De Small, eMzansi Africa
Hawu wakokota
Sebekhala ngo kabza De small, eMzansi Africa
Khuphuka Small, khuphuka Kabza
Sebekhala ngo kabza De Small, eMzansi Africa

Sebekhala ngo Kabza De Small ayi
Motha,Mvulane,Khathide,Nongombili,Mdlalose
Uyeheni!
Wena owahamba ngemvula, Jojo lika Sobuza
Uyeheni
Ingabe uyamazi umulando
Inkosi uTa small,bamubabaza bonke
Animubongeleleni!
Esaphila,esadla nhlamvana
Mzansi sukuma
Animubongeleleni!
Esaphila,esadla nhlamvana
Mzansi sukuma
Animubongeleleni!
Esaphila,esadla nhlamvana
Mzansi sukuma
Animubongeleleni!
Esaphila,esadla nhlamvana
Mzansi sukuma

Yini unamalini
Mfana lo anga change,o,a teka inkwasho
Bamu tiba, bamu saba inkwai
Ku twakala vito rayena
Shikwembu leshi, nimahloli nga Kabza De Small
Ayi jimasingita
Hi last number, nibulabula nga yena
Nimahloli nga Kabza De Small
A-enja masingita
Mm teka niku nyika
Vanwani vaku awu lughangi
Xi tanga ku huda swikwembu
Xitaku nyika leswi uswi lavaku
Axi lungaxaki x'yisa lexi
Vaku viva Msholozi
Vaku Gabuza the Small
Ku hlaya machangana va rila ngopfu
Hi ntirho wa wena
Vaku viva Msholozi

Khuphuka Small
Khuphuka Kabza De Small, khuphuka mfo kamkhulu

Sebekhala ngo Kabza De Small, eMzansi Africa
Woh, eMzansi Africa
Sebekhala ngo Kabza De Small, eMzansi Africa
Hawu wakokota
Sebekhala ngo Kabza De Small, eMzansi Africa
Khuphuka Small, khuphuka Kabza
Sebekhala ngo Kabza De Small, eMzansi Africa
Woh, eMzansi Africa
Sebekhala ngo Kabza De Small, eMzansi Africa
Woh ayi, e-Africa yonke
Sebekhala ngo Kabza De Small, eMzansi Africa
Woh umhlaba wonke
Sebekhala ngo Kabza De Small, eMzansi Africa
Khuphuka khuphuka
Sebekhala ngo Kabza De Small, eMzansi Africa
Woh umhlaba wonke
Sebekhala ngo Kabza De Small, eMzansi Africa
EMzansi Africa
Sebekhala ngo Kabza De Small, eMzansi Africa
Khuphuka Small
Sebekhala ngo Kabza De Small, eMzansi Africa
Sebekhala ngo Kabza De small, eMzansi Africa
Sebekhala ngo Kabza De small, eMzansi Africa

Sithi bayede!
Umfo kaMotha
Ngiyam’shweleza ela’
Osak’bangisa is’hlalo sob’khusi
Phela uwena inkosi
Mina ang’yena umuntu oshesha uk’vuma
Wena aw’yona i-type e-aima uk’vunywa
Ngapha ushisisw’okwe nyanga egqumayo
That’s why ng’hloniph’ushuni wakho odulayo
Ang’yena umuntu oshesha uk’vuma
Wena aw’yona i-type e-aima uk’vunywa
Ngapha ushisisw’okwe nyanga egqumayo
That’s why ng’hloniph’ushuni wakho odulayo
Ngithi giyelani inkosi ye piano
Yena umfo kaMotha eqoba ilandela nemilando
Phunyuka sebabam’phethe nangezandla abo Pilato
Ethi namhlanje bafana ak’lona ilanga lam no!
Mina bengithand’ uku’bonga bru
Kazi ushun’onjena uw’thola ku?
Law’thinta khona k’yaphola bru
Eh, uw’thola amanxeba bru
Mina bengithand’ uku’bonga bru
Kazi ushun’onjena uw’thola ku?
Law’thinta khona k’yaphola bru
Us’thola amanxeba bru

Ake ning’nikeni indlela nami ngithi
Ukumbabaz’okweshum’elok’hlala phansi
Bakhuluma ngithi bayamazi
Wothi ngin’xoxele indaba eningayazi
Iskhondlakhonda esehlul’abantu
Bathi bazi umculo wabaphansi
Ngoshuni labant’abadlala ngegeja
Kuziliwe kohlukana imali iphansi
Othi aken’vume
Indoda enkulu le, Indoda enkulu le
Indoda enkulu le, Indoda enkulu le

Sebekhala ngo Kabza De Small, eMzansi Africa
Woh eMzansi Africa
Sebekhala ngo Kabza De Small, eMzansi Africa
Sebekhala ngo kabza De Small, eMzansi Africa
Woh, eMzansi Africa
Sebekhala ngo Kabza De Small, eMzansi Africa
Hawu wakokota
Sebekhala ngo Kabza De Small, eMzansi Africa
Khuphuka Small, khuphuka Kabza
Sebekhala ngo Kabza De Small, eMzansi Africa
Woh eMzansi Africa
Sebekhala ngo Kabza De Small, eMzansi Africa
Woh ayi, e-Africa yonke
Sebekhala ngo Kabza De Small, eMzansi Africa
Khuphuka Small

Ngom’khonto
Ngom’khonto, Ngom’khonto, Ngom’khonto
Ngom’khonto, Ngom’khonto, Ngom’khonto
Ngom’khonto, Ngom’khonto, Ngom’khonto"
"Abo Nokthula (feat. The Exclusive SA, Scotts Maphuma, Kabelo Sings, Bontle Smith, 2woshort & Stompiiey)",
Arike,"Ooh, ooh
Woluhn
Ooh, ooh (Ooh)

Fine girl, girl your body is enough let me have it
See me rushing over you girl, no deny me
Na fight me I fit go fight for this your loving, hm
Fine kele, wa pa mi l'ẹkun, have mercy upon me
I know my actions got the worst upon me
No go let the devil take this moment from me

And out of all of the girls na you first, na you take my heart go
If I hear say me I lose on you
My mistress take all my money and go (Go go)
And out of all of the girls na you first, na you take my heart go
If I hear say me I cheat on you
My mistress take all my money and go

Oh Ariké oh-ah (Ariké)
If you lеave me l might die bеfore my time
If you leave me (Inu mi dun) l might die before the sunset shines in the morning girl (L′ọdọ rẹ o) before you wake up
Oh Ariké oh-ah (Ariké)
If you leave me l might die before my time
If you leave me (Inu mi dun) l might die before the sunset shines in the morning just (L′ọdọ rẹ o) before you wake up
Oh Ariké oh-ah (Ariké)
If you leave me l might die before my time
If you leave me (Inu mi dun) l might die before the sunset shines in the morning girl (L′ọdọ rẹ o) before you wake up
Oh Ariké oh-ah (Ariké)
If you leave me l might die before my time
If you leave me (Inu mi dun) l might die before the sunset shines in the morning just (L'ọdọ rẹ o) before you wake up"
Are you there?,"Ayo Maff - Are You There Lyrics
Ara adugbo to pa de mi lo na
Yeye
Ah ah ah ah
I know what my instinct is telling me
Them dey wonder how am moving differently
Original talent no be piracy
If I keep quiet te mi yemi
Oju ri ki elede mi to dele
Ki suru mi to lere
I will keep going osadebe
Ahn ahn ahn
Are you there?
Are you there?
Aluwe
Ewa wo o
Ko to lo
Are you there?
Are you there?
Aluwe
Ara adugbo to pa de mi lo na
Ara adugbo to pa dе mi lo na
Can I rest on your shoulder?
Can I call you my brother?
Can I tеll you my bothers?
So le bi ojo fun mi
Can I rest on your shoulder?
Can I call you my brother?
Can I tell you my bothers?
So le bi ojo fun mi
Many talent have been hidden
Mo pe ayanfe ko wa ri mi
They say they see me for their TV
Yes I said it and I did it
Ko so owo ni ile mummy duro de mi
Emi laji se bi oyo
Ayo akin kanju omo
I’ve been here before I was born
Lambebe lambebe
O gbo do won ni ile alata
Emi o ni taraka
Emi o ni talaka seh
Too many co-signs lo gbe mi duro
Shout-out si awon OG’s
Please take your kudos
Are you there?
Are you there?
Aluwe
Ewa wo o
Ko to lo
Are you there?
Are you there?
Aluwe
Ara adugbo to pa de mi lo na
Ara adugbo to pa de mi lo na
Can I rest on your shoulder?
Can I call you my brother?
Can I tell you my bothers?
So le bi ojo fun mi
Can I rest on your shoulder?
Can I call you my brother?
Can I tell you my bothers?
So le bi ojo fun mi"
Awolowo,"I go smoke that ganja until I go blind
You go know say I take ganja all the time
Pass me the ganja give me brown rizla
Pass me the ganja light me up so high
Take me over, over, I dey cloud so high
Fly me up oh up so high
Till I find myself talking with tha most high
Some, some think say me I don mad
Oh

Oh he still dey go
Leave am, leave am, leave am
I think say him don enter that side
As I dey let them know wetin dey my mind
Some dem take me for a fool yeah

Awolọ (Oh) Awolọwọ (Yeah-yeah)
A n fa'gbo lọ (Ahn) lọwọ lọwọ (Lọwọ, lọwọ)
Aye n lọ (Aye n lọ) bẹbẹ n lọ (Bẹbẹ n lọ)
Wọn ba mi sọ (Wọn ba mi sọ)
Mo ti koti kun siwon
Me I no mind wetin dem go talk
Ewe at'egbo, na the only thing I know
Aye n lọ (Ahn) bẹbẹ n lọ (Oh oh)
Wọn ba mi sọ (Wọn ba mi sọ)
Mo ti koti kun siwon

Thank you Jah for giving us rain
Abundant blessings mi a Jah fi rain
Blessings from a plant, eat ganja all day
Puff one, two, take off my pa-pains away
Oh away, yeah yeah
Èmi o ma le mu'gbo t'Olu ba wẹ
Rara o, I go roll my spliff my way
My way, no be your way (Yeah-yeah)

Awolọ (Oh) Awolọwọ (Yeah-yeah)
A n fa'gbo lọ (Ahn) lọwọ lọwọ (Lọwọ, lọwọ)
Aye n lọ (Ayé n lọ) bẹbẹ n lọ (Bẹbẹ n lọ)
Wọn ba mi sọ (Wọn ba mi sọ)
Mo ti koti kun siwon
Me I no mind wetin dem go talk
Ewe at'egbo, na the only thing I know
Aye n lọ (Ahn) bẹbẹ n lọ (Oh oh)
Wọn ba mi sọ (Wọn ba mi sọ)
Mo ti koti kun siwon
Awolọ (Oh) Awolọwọ (Yeah-yeah)
A n fa'gbo lọ (Ahn) lọwọ lọwọ (Lọwọ, lọwọ)
Aye n lọ (Ayé n lọ) bẹbẹ n lọ (Bẹbẹ n lọ)
Wọn ba mi sọ (Wọn ba mi sọ)
Mo ti koti kun siwon
Me I no mind wetin dem go talk
Ewe at'egbo, na the only thing I know
Aye n lọ (Ahn) bẹbẹ n lọ (Oh oh)
Wọn ba mi sọ (Wọn ba mi sọ)
Mo ti koti kun siwon"
Be There Still,"Gey gey, gey gey (ay)
Gey gey, gey gey (ay)
Gey gey, gey gey (ay)
Gey gey, gey gey (ay)
(Marv-)
Gey gey, gey gey (ay)
Gey gey, gey gey (ay)
Gey gey, gey gey (ay)
(Marvi again!)
Baddest

I want to have it all
Still dey find my result
Na God dey bless me all the way
Twelve years, I'm still on top
And my cup runneth over
I get days I sobеr
Oh, I sober
My baby, 

Holy sign
Fast forward, no rewind
We going high with family for my sidе, oh (Yea ay yeah)
No be fight (Yeah, yeah)
No be everybody dey my side (Oh, I know, oh)
But I no mind oh, I don't mind oh

Anywhere money dey, make dem call me
I will be there still
L'okè, l'okè, across the border
I will be there still
Many go go, many go come
I will be there still
I will be there still
And it is destined (again!)
Anywhere money dey, make dem call me
I will be there still
Loke, loke, across the border
I will be there still
Many go go, many go come
I will be there still
I will be there still
And it is destined (again!)

Gey gey, gey gey
Gey gey, gey gey
Gey gey, gey gey
Gey gey, gey gey
Gey gey, gey gey
Gey gey, gey gey
Gey gey, gey gey
Gey gey, gey gey

My heart pure like pure water
And water no get~e ota
And you can't fight destiny
The pain brings out the best in me
OON supersedes (Gey gey)
Won ro pe I no see (Gey gey)
I dey for overseas
Mo sun l'Eko mo ji Paris (Ji Paris, yeba)

Holy sign
Fast forward, no rewind
We going high with family for my side, oh (Yeah-yeah)
No be fight (Yeah, yeah)
No be everybody dey my side (Oh, I know, oh)
But I no mind, oh, I don't mind, oh

Anywhere money dey, make dem call me
I will be there still
L'okè, l'okè, across the border
I will be there still
Many go go, many go come
I will be there still
I will be there still
And it is destined
Anywhere money dey, make dem call me
I will be there still
L'okè l'okè, across the border
I will be there still
Many go go, many go come
I will be there still
I will be there still
And it is destined"
Na Scra,"B!

I nor dey waste time
Okay, make I just go straight
One round plus one round equals to two bone straight
No long talk, send advice go my Palmpay
Fifty-fifty, all of us go dey okay
Famous don start again, make them give me space
Money nor dey, your serious babe go pick race
I nor know why you dey always dey feel say you dey important
When dem go still replace you

(Na scra) Na scra, na scra
Carry the money ja (Na scra)
Drink Action Bitter
Carry one baby knack (Na scra)
Ehn? The banny don lap
Na to find one hotel lodge (Na scra)
Give her belle run
Ehn? Small money don come (Na scra)
Book flight еnter Lagos
If the money too much
I go finish am for Quilox
Pull up with my Hilux (Na scra)
All thе bannies go dey hail us
Another money come (Na scra)
Go do vacation for Cyprus
E don burst

(Their father) Cybertruck
(Normal gbosa) Elon Musk
(You must to feel am) E don burst
The lifestyle too cost
(Their father) Cybertruck
(The normal gbosa) Elon Musk
(You must to feel am) E don burst
The lifestyle too cost

Na to lodge one babe, give am missionary
The words I dey speak, nor dey dictonary
Uzama na Zee World extraordinary
I dey drop bars dem think say na ordinary
Para para, Uzama nai dey worry
Waka waka, dey Abraka and Warri
Next day, you don see me for Ilorin
Drag am, pass am, o boy no dulling
(Wahala)

(Na scra) Na scra, na scra
Carry the money ja (Na scra)
Drink Action Bitter
Carry one baby knack (Na scra)
Ehn? The banny don lap
Na to find one hotel lodge (Na scra)
Give her belle run
Ehn? Small money don come

(Na scra, na scra)
(Their father) Cybertruck
(Normal gbosa) Elon Musk
(You must to feel am) E don burst
The lifestyle too cost"
Free of Charge,"Yo
Yo
Ah men
Many things I go buy for my baby and her mother-in-law
For her papa nko?
I go dobale gon
I no dey wait o baby biko su won nso
Understand
I be man
I be man wey love my woman
My woman no like lazy man
Halima Halima
Tell am say you dey with money man
I dey her, camera
I give her the money free of charge
I give all the money to my chargie
I give her the money free of charge
Too much money for my kolo
Kolo, kolo
Walai girl I fit to spend it all on you
Shey you want Pounds Sterling my baby or na Euros
Put you in a mansion and a Lamborghini urus wo
Too much money for my kolo
Walai girl I fit to spend it all on you
Shey you want Pounds Sterling my baby or na Euros
Put you in a mansion and a Lamborghini urus wo
Na you dey scatter my dada like Majek Fashek
For the time I no fit show up, I go buy you Patek
My pretty Cinderella, you be daddy spec
Just tell me anything wey you want
I go write you Cheque, I go write you cheque
Position
Formation
Rotation
Collision
Money long, money sure
E too much, it’s causing pollution
Give me like you give me love potion
They want me, I no hear caution
Ambition, I get ambition
Make God no abort my mission
Limousine, Jacuzzi
That’s the real life I promise you go see
With you there is no way I'm losing
Money long, baby can’t you see
Understand
I be man wey love my woman
My woman no like lazy man
Halima Halima
Tell am say you dey with money man
I dey her, camera
I give her the money free of charge
I give all the money to my charge
I give her the money free of charge
Too much money for my kolo
Walai girl I fit to spend it all on you
Shey you want Pounds Sterling my baby or na Euros
Put you in a mansion and a Lamborghini urus wo
Too much money for my kolo
Walai girl I fit to spend it all on you
Shey you want Pounds Sterling my baby or na Euros
Put you in a mansion and a Lamborghini urus wo"
PITY THIS BOY (with Victony),"Black sheep forever, black sheep for life
Izgaaju 'til we kpeme, Antiworld gangsters
GE records, you get me? ODUMODUBLVCK
Stubborn
Niphkeys keys

They for like pity this boy
Everyday na billing, with their shameful decoy (Full decoy, oh decoy, shege)
I for don turn visitor, overstay my welcome
But I for chop full insult (Full insult), chop full insult (Kala)
Even my mama join dem (Swear)
My grandma join, my papa join
But my shima comes first (Stubborn), brown Hermes (Let's go)
Come to my doorstep (Kor kor kor, kor kor kor, kor kor kor)
Agberos, all of dem are sorted (Kala)
I go pay devé
Yea

Modu give me money make I wound person, ey (Wound person, wound person)
I no dey carry kele wey no like shopping (Ejobe)
Gucci, Fendi, Versace, Nike, she can look sporty (Eeee)
She no wan turn to orobo kibor-bor-bor-bor
But she dey bill me like orobokibo
Kalamantus, press am quickly (Oya na)
The whole of zone one dey my building
Mummy shut the door, they wan beg me food and school fees
Some of dem go use the money camp okpo blow wiwi

They for like pity this boy (Pity this boy)
Everyday na billing, with their shameful decoy (Shameful decoy, oh decoy)
(Black sheep forever, black sheep for life Izgaaju 'til we kpeme, Antiworld gangsters, GE records, you get me? ODUMODUBLVCK)
I for don turn visitor (Turn visitor), overstay my welcome
But I for chop full insult (Shege), chop full insult (Bastard)

Ay, oyoyo yeah, yeah
You know that kele wey dey stay for obodo-yibo
Steady recharge am for dollars o (BIG!)
Oyoyo yeah, yeah (OP)
The one for here no dey hear word o
Samantha sef e dey learn work o
Sexy girls (Yea) e dey gang up
If e nor dey Gucci, na Prada
Seychelles, Addis Ababa
Solomon Grundy, with the fast life
It's plenty, she call me Santa
Ehn-ehn, exclusive, Bahamas
Balling on balling o, Mo Mamba
No be chaise o, no be ta-ta
Baby, calculate your numbers

They for like pity this boy (Pity this boy, aiiii)
Everyday na billing, with their shameful decoy (Shameful decoy, oh decoy, shege Baby, calculate your numbers)
I for don turn visitor (I for, I for), overstay my welcome (I for)
But I for chop full insult (Stubborn), chop full insult (Ahn)
Even my mama join dem (Swear)
My grandma join, my papa join
But my shima comes first (Stubborn), brown Hermes
Come to my doorstep (Kala, ye-ay-ay)
Agberos! All of dem are sorted (Kala)
I go pay devé

Modu, give me kala, make I kpoof person (Calculate your numbers)
Wey no like shopping (Oh baby, calculate your numbers)"
Get Better,"Sometimes when e no dey
Shebi na you I dey call when e no dey?
When I dey for dying minute, you go show face
Ah-ah, show face
Oro yi wa fologbon fun oloye
O mon olowo lo n gbayi lode
Make Lucky Udu no go whine me for old age
Ah-ah, old age (Ibile!)

I just want things to get better, ko po ko dun pa (Ko po ko dun pa)
And me, I be working mo ni cheddar ani mo fe buga ( Ani mo fe buga)
Yeah-yeah-yeah-yeah, I swear I can't deny  (I swear I can't deny )
Yeah-yeah-yeah-yeah, I swear I can't deny (I swear I can't deny )
I just want things to get better, ko po ko dun pa (Ko po ko dun pa)
And me, I be working mo ni cheddar ani mo fe buga ( Ani mo fe buga)
Yeah-yeah-yeah-yeah, I swear I can't deny  (I swear I can't deny )
Yeah-yeah-yeah-yeah, I swear I can't deny (I swear I can't deny )

Dangote still striking deals
Adeleke just buy new private jet
And you say make my grind reduce?
I don see who get before wey no get again
Na why my morale dey boost
My soldier dey shine him boot
I no dey follow anybody catch cruise
Na my dentist get business with my 32
I don see who dem use money collect him babe
BadboyJago go fit relate
As I dey work God put icing on top my cake
Put all my enemies to shame (Ah)
I focus (Focus), pay the price, no be say e no cost
Go moshalashi, I go church
That ugly boy wey no fit afford okirika back then don get full store

I just want things to get better, ko po ko dun pa (Ko po ko dun pa)
And me, I be working mo ni cheddar ani mo fe buga ( Ani mo fe buga)
Yeah-yeah-yeah-yeah, I swear I can't deny  (I swear I can't deny )
Yeah-yeah-yeah-yeah, I swear I can't deny (I swear I can't deny )
I just want things to get better, ko po ko dun pa (Ko po ko dun pa)
And me, I be working mo ni cheddar ani mo fe buga ( Ani mo fe buga)
Yeah-yeah-yeah-yeah, I swear I can't deny  (I swear I can't deny )
Yeah-yeah-yeah-yeah, I swear I can't deny (I swear I can't deny )

Settings go quick set if the matter na money
Make them no comot you for settings
Procrastination fit turn a man to Dundee
Shaanu mi yaa robi
And if you no dey relent, wassup (Wassup)
Every suffer get him own bus stop
As Ronaldo dey find World Cup
After the rainy days, then come the sunny days
Location must be televised
No be everyone for UK na him dey okay
9 to 5 want to make them paralyze
But we go dey okay, who get belle get due date
Can you see the convoy police for my Hilux? Girls love it when dey come around
Around around

I just want things to get better, ko po ko dun pa (Ko po ko dun pa)
Ehh ni cheddar ani mo fe buga ( Ani mo fe buga)
Yeah-yeah-yeah-yeah, I swear I can't deny  (I swear I can't deny )
Yeah-yeah-yeah-yeah, I swear I can't deny (I swear I can't deny )"
Funds (feat. ODUMODUBLVCK & Chike),"(
Vul' indlela weMaMgobhozi
)
Ayayayayayayayaya, Bambam
Black sheep for life, black sheep forever
Izgaaju 'til we kpeme, Antiworld gangsters
GE records, you get me? ODUMODUBLVCK
(WeMaMgobhozi)
NATIVE
(He unyana wam, helele—)
You go see say my baby bambam
Baddest
Ye!, Shekpe!
OBO, Baddest, Chee (WeMaMgobhozi)

Okay (Okay), girl make I show you my bank account
Two face, I get plenty to go around
So girl make you dance when you hear the sound
Na we dey pop all over town
So tell me if you dey down, dey town
Do you know, do you know, say owó mi ti pọ l'apo? (Vul' indlela)
Girl I know, girl I know, some things that you do not know
Whethеr na traffic abi go-slow
Baby I promise I go still show (WeMaMgobhozi)
Spending monеy Pablo (Hey ah)

I suppose relocate but I go buy Belgium
My money na alele, I apply pressure
But as na your shima palava put us for high tension
You must apply OT
Big boy you must to buy plenty (Yeah)

Mismanage my funds on you
All I really wanna do is
I'll mismanage my funds
Even if they wanna stop me
I'll mismanage my funds on you
All I wanna do is
Oh, hey, ah-ah, oh, hey
Mismanage my funds

Alright, okay
Ten brokoto for the voltage
Tilapia, kote, bring egufe with cocain
Gobe, Ucee the gbedu na replay
Find Abacha for my brosay
Conquer the street with play play (Helele—)

Anyị je bili na Paris, ọ ga-adị kwa mma
If I handle this your body, oga sọ kwú so, oga sọ kwú sọ
If you put me for palava, m je kpọla gi Falana
Nwoke na-eme, nwa bu ife, ego na-ebe hmm (WeMaMgobhozi)
I no fit complain you go see say my baby bambam (He unyana wam, helele—)
Ah, baby

I suppose relocate but I go buy Belgium (Baby o)
My money na alele, I apply pressure (Alele o)
But as na your shima palava put us for high tension
You must apply OT
Big boy you must to buy plenty

Mismanage my funds on you
All I really wanna do is
I'll mismanage my funds
Even if they wanna stop me
Mismanage my funds on you
All I wanna do is
Oh, hey, ah-ah, oh, hey
Mismanage my funds on you
All I really wanna do is
I'll mismanage my funds
Even if they wanna stop me
Mismanage my funds on you
Spend all of my funds on you
Oh, hey, ah-ah, oh, hey
My baby bambam

WeMaMgobhozi, weMaMgobhozi
He unyana wam, helele—"
Happy,"H-A-P-P-Y
We are happy uh
Happy people, we are happy
H-A-P-P-Y
We are happy
Happy people, we are happy

H-A-P-P-Y
We are happy
Happy people, we are happy
H-A-P-P-Y
We are happy
Happy people, we are happy
H-A-P-P-Y
We are happy
Happy people, we are happy
H-A-P-P-Y
We are happy
Happy people we are happy
H-A-P-P-Y
We are happy
Happy people, we are happy
H-A-P-P-Y
Wе are happy
Happy people wе are happy"
Joy is Coming,"Ye!
Dr. do-do-do, ye-ye
Oshá
(ChokeBoi)

He say na me been taking things easy
Catching some cruise with my gees
You smoke one puff, you dey hiss
Comot for the body, no dey breathe
Put on your shoe, make you stand at ease
All your sorrow, make you dance dem free
If e no be galala-galala, ye!
If e no be galala, I go give dem Fuji
Wón má jó o, chee!
Ijò ò ye-ye hm, ijó o ye-ye, mm, ah!
Mo ni wón ma jó-jó, hm
Ijó ò ye-ye, hm ani won jó o ye-ye, ah!
And if e no be galala, I go give dem Fuji

Mò dupé, Òluwá, Òluwá, ye-ay
Joy is coming, joy is coming, wah
Dupe Òluwá, Òluwá, ye-ay
Joy is coming, moni early in the morning, ye-nay
Mo dupé f'Òluwá, f'Òluwá, ye-ay
Joy is coming (Eyay-eyay), joy is coming (Eyay-eyay, mmm)
Mo dupé f'Òluwá, f'Òluwá, ye-ay
Joy is coming, mo ni early in the morning, ye

Up NEPA, up NEPA (woza)
Òluwá ti mu'ná dé ay-ay
Awon t'èmi shà'ná wó'lé
Uhn-uhn-yeah
Do me gently, do me tender
Awón kele gb'òri wó'lé
Awón girlie gb'òri wó'lé, ye!

He say na me been taking things easy
Catching some cruise with my gees
You smoke one puff, you dey hiss
Comot for the body, no dey breathe
Put on your shoe, make you stand at ease
All your sorrow, make you dance dem free
If e no be galala-galala, ye
If e no be galala, I go give dem Fuji
Wón má jó, chee!
Ijò o ye-ye hm, ijó o ye-ye, mm, ah!
Moni wón ma jó-jó, hmm
Ijó ò ye-ye, hmm and ima jó, ye-ye, ah!
And if e no be galala, I go give dem Fuji

Mo dupé, Òluwá, Òluwá, ye-ay
Joy is coming, joy is coming, wah (Coming)
Dupé Òluwá, Òluwá, ye-ay
Joy is coming, moni early in the morning (Morning Ye-ay-ay) ye-nay
Mo dupé f'Òluwá, f'Òluwá, ye-ay (Chu-chu-chu)
Joy is coming (eyay-eyay), joy is coming (Eyay-eyay, mm)
Dupé f'Òluwá, f'Òluwá, ye-ay
Joy is coming (Tebe, tebe, tebe, tebe, tebe, tebe) mo ni early in the morning, eyay (Chu)

Do me gently, do me tender
Gb'òri wó'lé
Ṣà'ná wó'lé, mm
Up NEPA, up NEPA
Òluwá ti mu'ná dé
Ṣà'ná wó'lé
Skrrr"
JUJU (feat. Shallipopi),"They call me Smur Lee (Say, say, Tory, ayy)
Mama, mama sent a photo, photo, photo
Mama, mama sent a photo, photo, photo (Wahala, say, say)
Mama, mama sent a photo, photo, photo (Wahala, say, say)
Blvck Sheep forever, Blvck Sheep for life
Izgaaju till we kpeme
Anti-World Gangstars
G.E records, you get me?
ODUMODUBLVCK

They call me gentle investor, no mean say I gentle (Prra, prra)
E dey pack am for celeb', unto say e pack am for Elon Musk
E dey pack am for Switzerland
E dey pack am for Switzerland
E dey pack am for US
Oya, gentle, gentle, take it easy, easy
Oya, gentle, gentle, takе it easy, easy (Tory, ayy)

If no be Sabinus, I no go dеal
Dantata, what is it?
I dey find real investors, oh, no be skit (No be tease)
Dangote, wey my beef?
For this ghetto, I be high-end client (Big Gun)
My shima shoe rack full of fresh New Balance
I go press two metres
Pretty face merchant, I am Eazi
Omo, Temi take this dollars (Dollar, Odumo)
Position (Machala)
Money long
Forget Elon Musk (Chai)
Obi Cubana (Ah)
Jowizaza
I blew in Abuja (Kala, kala, kala, kala, kala, kala)
Forget agenda
Ah-ya-ya-ya-ya-ya-ya (C'mon, c'mon, gallant, chai, shikina)
Money flow, money flow (O.B.O)
Odumodu, you dey flex, I no owe, chopilos

If no be juju, I no do
Mama sent a photo, mama sent a photo, mama sent a photo
Oya, backup your celeb, oya, backup your Elon
Unto USA, unto UK, unto Switzerland
Unto Canada, unto Australia, unto Taiwan

They call me gentle investor, no mean say I gentle
E dey pack am for celeb', unto say e pack am for Elon Musk
E dey pack am for Switzerland
E dey pack am for Switzerland
E dey pack am for US
Oya, gentle, gentle, take it easy, easy
Oya, gentle, gentle, take it easy, easy (Tory, ayy)
If no be—

Take a chill pill 'cause mama sent a photo (Eh)
I wan enter one car stand, tear one motor (Ah)
Dealer, which one you get, shey, na Lexus or 4MATIC? (Eh)
Dealer, abeg, tell me how much I go press
'Cause mama sent a photo (Eh), mama newly paste (Okay, say)
Funds newly drop, mama newly paste (Eh)
If no be mamacita, say na face (Confirm)
This one no be juju, say na grace
They dey call you Shallipopi
Number one Pluto Presido
The money choke, oyinbo, come and pay and go

Mama sent a photo, mama sent a photo (Wahala), mama sent a photo (Omo, where my own?)
Oya, backup your celeb, oya, backup your elon (On a low)
Unto USA (Prra), unto UK, unto Switzerland, unto Canada
Unto Australia, unto Taiwan, unto Brazil, unto US

You dey claim you baddie but you dey wash cloth
You dey wear one pant for one week (Ehn?)
You already catching feelings on your first fuck
They go knack her wotowoto, she go jogodo
Na wetin make I—"
Kese (Dance),"Dance, gbẹdu
Chale, make we dance, gbẹdu
Make it dance, gbẹdu (Oh, le-le-le)
Let the music, e dey play, gbẹdu
Ọmọ, say you go dance, gbẹdu
Chale (Starboy), make we dance, gbẹdu
You go dance, gbẹdu
You go dance

For the vibe, I've been out for days
Steady chasing the kpa, I dey concentrate (Okay)
Mm, anytime, I dey
Whether night or day, I dey on my J's (Yebo)
Even on my lane, mm
Them go dey dance to the gbẹdu, them go feel irie
'Cause anything wey I drop, dem go chop, aje
Whether night or day
I dey on my J's, I dey on my J's

Kẹsẹ, kẹsẹ, kẹsẹ, kẹsẹ, kẹsẹ, kẹsẹ
Gbẹsẹ, gbẹsẹ, baby, lẹsẹkẹsẹ
How many times dem go tell person?
Dem no dey pay to dey learn lesson
Sha manya, gbemi debẹ
And it's a vibe anytime we dey there
I no get time, I no get patience
Spray the money plenty

Dance, gbẹdu
Chale, make we dance, gbẹdu
Make it dance, gbẹdu (Oh, le-le-le)
Let the music, e dey play, gbẹdu
Ọmọ, say you go dance, gbẹdu
Chale (Starboy), make we dance, gbẹdu
You go dance, gbẹdu
You go dance

So, tell me what you wanna do tonight?
You know the party no go make sense, if we never dey there, we make the party come alive
We turn the O2 to O3, ma lọ bẹ si, italawa
So baby, tell me why you wanna
Shake body, make you do as you like
Na steady we dey blow the cana
Blow some trees, make me feel alright
I no fit lie, man, I'm wasted
And I'm feeling reckless
Na who buy last, get latest
That's why I'm working on patience
I no dey joke with my paycheck
If dem dey sleep, make dem wake them
So we go vibe, we go vibe tonight, kama debẹ

Kẹsẹ, kẹsẹ, kẹsẹ, kẹsẹ, kẹsẹ, kẹsẹ
Gbẹsẹ, gbẹsẹ, baby, lẹsẹkẹsẹ
How many times dem go tell person?
Dem no dey pay to dey learn lesson
Sha manya, gbemi debẹ
And it's a vibe anytime we dey there
I no get time, I no get patience
Spray the money plenty
Kẹsẹ, kẹsẹ, kẹsẹ, kẹsẹ, kẹsẹ, kẹsẹ
Gbẹsẹ, gbẹsẹ, baby, lẹsẹkẹsẹ
How many times dem go tell person?
Dem no dey pay to dey learn lesson
Sha manya, gbemi debẹ
And it's a vibe anytime we dey there
I no get time, I no get patience
Spray the money plenty

Dance, gbẹdu
Chale, make we dance, gbẹdu
Make it dance, gbẹdu (Oh, le-le-le)
Let the music, e dey play, gbẹdu
Ọmọ, say you go dance, gbẹdu
Chale (Starboy), make we dance, gbẹdu
You go dance, gbẹdu
You go dance"
Baby (Is it a Crime),"Is it a crime?
Is it a crime
That I still want you
And I want you to want me too?

Baby (Rema), baby sun mọ́ mí
You know say you match my steeze
You know I'm a G
Shawty, I'ma always keep it real
I no dey for too much whining, dey for too much whining
As e dey be (Ooh)
As the shayo dey enter, oya, make we kolobi
Oya, show yourself, do over-sabi
Love is in the air, baby, breathe in

I dey available
Baby, anytime you need me, I dey available
Compatible, two of us dey compatible
Girl, I be bad boy, forget say I dey mellow
Ah, baby, I dey fold, baby, take it slow
Baby, go down low, nobody gats to know
Oya, I know I play around, but me no fit to let you go
Ooh

(Is it a crime?) Baby, baby sun mọ́ mí
You know say you match my steeze
You know I'm a G
Shawty, I'ma always keep it real
I no dey for too much whining, dey for too much whining (That I still want you?)
As e dey be (Ooh)
As the shayo dey enter, oya, make we kolobi
Oya, show yourself, do over-sabi (Ooh)
Love is in the air, baby, breathe in

The way you move this your body na weapon, ah-ahn
Catch me off guard, me I hands up kparam
Beautiful with personality, jara
Make I enter your life, make everything dey balanced, huh
As I get opportunity, why I no go mount am?
IG algorithm no fit comot my hand for your matter
I dey see girls wey bad, but you badder

Omoge, your waist put me for bail up, oshe bebe nlo
Ajé, this your demeanor, baby, na major
Your case dey above the law (Above the law)
After you, na you, before nko?
Oh, baby, show off, get other gyals jealous
Buy you a Birkin matching my AP color
Treat you like omo-mo
Pampering on a hunnid
Baby, you the one for me, ooh

(Is it a crime?) Baby, baby sun mọ́ mí
You know say you match my steeze
You know I'm a G
Shawty, I'ma always keep it real
I no dey for too much whining, dey for too much whining (That I still want you?)
As e dey be (Ooh)
As the shayo dey enter, oya, make we kolobi
Oya, show yourself, do over-sabi
Love is in the air, baby, breathe in

P"
Venus,"Shele no deny am o
Shele no deny am o
Shele no deny am o
Shele no deny am
Shele no deny am o
Shele no deny am o
Shele no deny am o (oh)

I not fit lie o, I no dey wink o
I want to fly you to Puerto Rico
Oh, my love o
(This love is taking a hold of me)
How I go dey whine you?
Let me remind you oh
(Oh, baby, mind you I'm for real)
There is nothing that can put us assund-
Oh, baby (girl for you I go dey gentle)
Atutu poyoyo (this feeling is a madness oh no o)
If e dey urgent (and if e dey urgent o)
Baby, dial my number (baby, dial my number-number)

Ama o, ama, ama o (ah)
Nwáyọ̀ o, nwáyọ̀, nwáyọ̀ (oh)

Shele no deny am o
Shele no deny am o
Shele no deny am o
Shele no deny am o
Shele no deny am o
Shele no deny am o
Shele no deny am o
Shele no deny am o

Melanin, tell me what you want my Afolabi
Cover with the blood, every part of me
Sarah Vee, mah Mummy o
Scope, what have we? Nelo oh
Mehn, I'm in shock
Well, I'm still asking you for more
'Cause we've only begun
'Cause we've only begun, we're moving on
And the moment you call
The moment you call, I'm showing up
If you wan see Joe Biden, then it's my line you're dialling
Merci beaucoup I'm buying, whatever you're selling (lelele)

Shele no deny am o
Shele no deny am o
Shele no deny am o
Shele no deny am o
Shele no deny am o
Shele no deny am o
Shele no deny am o
Shele no deny am o"
WHY LOVE,"Tune in to the king of sounds and blues
Ọlọlade mi Asake
La-la-la-la-la (Ooh)
La-la-la-la-la (Ooh)
La-la-la-la-la-la-la-la-la
La-la-la-la-la-la

Angeli kan ma l'emi (Lameda)
Obirin to ba fe'ru mi, consider lucky
My baby, let's keep on jammin'
This fire cannot cool down, maybe them, it is not me (Ayy-ayy)

Ori ṣa ló mo, my baby
Ta ló m'ola, only God, Ya Rabbi
Ilahi, Oba to da mi
O da mi tan, ori big money

My types (Sabi girl)
Perfect size (You're the one)
Rora ma whine (Ṣe'badi lo)
Why love? Why love? Why love?

Abia, Umuahia
Okay, dey play
La-la-la-la-la (L'eko)
La-la-la-la-la
La-la-la-la-la-la-la-la-la
La-la-la-la-la-la

Woah, woah, woah
My baby
You're my special one
My bestie
You know I'm a soldier boy
But in your case, I will calm down
Admire your confidence, you dey burst my head
Don't take it easy
Ọmọ, ọmọ, one for the road, keep it steady (Paper)
Two for my girl, big energy
Body magnetising, fascinating
You light up the room, illuminating, captivating
(Ahn) O kan charge me (Ahn), such a bad bitch (Ahn)
Body bad ni (Ahn), keep it moving, rọra baddie

My types (Sabi girl, sabi girl)
Perfect size (You're the one)
Rora ma whine (Se'badi lo)
Why love? Why love? Why love?

Abia, Umuahia
Okay, dey play"
Laho,"Shoutout everywhere, who be lover boy for Benin wey dey scatter area
Ayy, dọmwan nọ make é noise wẹẹ evbana
Gunuvbẹ, shh
Eri ma ghya wvbe wẹ ẹdo
Shalli-fucking-popi (Wahala), the president (Seh) of Pluto (Fayaman)
Seh

Desperado, many many
My amigo, Balotelli
Ladies taking me photo (Confirm)
Paparazzi, ah
Don Julio, don dey high me
Ah, ah

Ghẹ gunmwẹn dẹ ọ, lahọ
Ni paste aza, lahọ
Aza mwẹ dry o, lahọ
Ye, ye-oh
Ghẹ gunmwẹn dẹ ọ, lahọ
Ni paste aza, lahọ
Aza mwẹ dry o, lahọ
Ye, ye-oh, lahọ
Ye, lahọ
Ye, ye-oh, lahọ
Ye, lahọ
Ye, ye-oh, lahọ
Ye

It's not the way you're seeing me here and because of the way you're talking to me here
You think if you'll see me in the street of Upper or you'll see me in the street of Sapele road
Or you see me in Ugbighoko
Or you see me in Third Junction
You can talk to me like this?
Iye avba owuye wawu
Iye wano
And so, ayy

Minister of enjoyment
Intercontinental (Nor go dey), monumental (Ehn?), ah
We go live forever (Ever, ever), ah
Drop another banger, oh (Wahala)
Are they mad? They must be mental (Problem), ah
Smoking zaza, (Oh), nai make I forget your matter, (Ayy-ah), ah

Ghẹ gunmwẹn dẹ ọ, lahọ
Ni paste aza, lahọ
Aza mwẹ dry o, lahọ
Ye, ye-oh
Ghẹ gunmwẹn dẹ ọ, lahọ
Ni paste aza, lahọ
Aza mwẹ dry o, lahọ
Ye, ye-oh, lahọ
Ye, lahọ
Ye, ye-oh, lahọ
Ye, lahọ
Ye, ye-oh, lahọ

Desperado ('Do), many many (Confirm)
My amigo, Balotelli
Ladies taking me photo
Paparazzi, ah
Don Julio, don dey high me (Nor go dey)
Seh, seh, seh
Seh, seh, seh, seh"
